URL,article,news_content
https://vnexpress.net/nhung-buc-anh-khoa-hoc-an-tuong-nam-2022-4544448.html,Những bức ảnh khoa học ấn tượng năm 2022,"Với đôi cánh giang rộng để bảo vệ, nữ thần Isis đứng canh gác trên quan tài đá của pharaoh Tutankhamun hàng thiên niên kỷ. Isis đã chứng kiến nhiều sự kiện. Không lâu sau khi vua Tut được chôn cất ở Thung lũng các vị vua của Ai Cập vào thế kỷ 14 trước Công nguyên, những kẻ trộm mộ vơ vét của cải trong ngôi mộ. Năm 1922, nhóm chuyên gia đứng đầu là nhà khảo cổ người Anh Howard Carter phát hiện và khai quật ngôi mộ. Gần như tất cả vật sở hữu của vua Tutankhamun hiện nay đang nằm ở Đại bảo tàng Ai Cập tại vùng ngoại ô Cairo. Quan tài vẫn đặt trong nghĩa trang cùng với xác ướp của vị vua trẻ. Ảnh: Paolo Verzone"
https://vnexpress.net/khanh-thanh-co-so-luu-tru-dien-lon-nhat-chau-au-4544147.html,Khánh thành cơ sở lưu trữ điện lớn nhất châu Âu,"BỉMột nhà máy có thể lưu trữ 100 MWh điện do công ty Corsica Sole điều hành bắt đầu được đưa vào hoạt động ở Wallonia từ tháng này.

Khánh thành cơ sở lưu trữ điện lớn nhất châu Âu Cơ sở lưu trữ điện lớn nhất châu Âu ở Wallonia, Bỉ. Video: AFP

Với áp lực gia tăng về việc cắt giảm khí đốt của Nga do xung đột ở Ukraine, các nhà lãnh đạo châu Âu đang phải vật lộn để cân bằng nhu cầu năng lượng ngày càng tăng với nỗ lực chống biến đổi khí hậu. Cơ sở lưu trữ năng lượng mới ở Wallonia có thể là chìa khóa cho cuộc khủng hoảng năng lượng này, theo Michael Coudyser, Giám đốc điều hành công ty năng lượng mặt trời Corsica Sole.

Nhà máy được trang bị 40 siêu pin lithium-ion với khả năng lưu trữ 100 MWh điện, cho phép phân phối năng lượng ổn định trên lưới điện công cộng ngay cả khi đầu vào năng lượng gió hoặc mặt trời dao động. Mỗi viên pin có giá tới 845.000 USD và sẽ tồn tại trong khoảng 10 năm, sau đó chúng sẽ được nhà sản xuất tái chế.

""Đây là cơ sở lưu trữ điện lớn nhất châu Âu và nó cho phép Bỉ có đủ nguồn dự trữ để chống lại sự sụt giảm hoặc dư thừa năng lượng bằng cách tích trữ hoặc phá hủy năng lượng trong các cục pin này"", Coudyser nói với Euronews. ""Ngày nay, chúng tôi hiểu rõ rằng năng lượng là vấn đề then chốt và cơ sở mới cho phép chúng tôi phụ thuộc ít hơn vào các nguồn bên ngoài"".

Raphael Lance, Giám đốc Quỹ Chuyển đổi Năng lượng tại Mirova và là một trong những đối tác tài chính của dự án, nhấn mạnh rằng các chính phủ rất muốn đầu tư vào những cơ sở lưu trữ điện quy mô lớn bởi chúng có liên quan trực tiếp đến sự phát triển của năng lượng tái tạo.

""Năng lượng tái tạo chủ yếu là năng lượng không liên tục và do đó, không phải lúc nào cũng có thể sản xuất điện khi chúng ta muốn. Vì vậy, cần triển khai các nhà máy công suất lớn kiểu này để có thể đưa năng lượng vào lưới điện một cách ổn định"", Lance cho biết.

Ngoài dự án lưu trữ điện lớn nhất lục địa ở Bỉ, Liên minh châu Âu hiện còn có một chương trình mới được gọi là RepowerEU để giúp các quốc gia thành viên tăng quyền tự chủ về năng lượng. Đây là một kế hoạch tiết kiệm năng lượng, sản xuất năng lượng sạch và đa dạng hóa nguồn cung cấp năng lượng của châu Âu.

Đoàn Dương (Theo Euro News/AFP)"
https://vnexpress.net/phat-hien-hai-loai-thuc-vat-nui-cao-moi-tren-day-andes-4542180.html,Phát hiện hai loài thực vật núi cao mới trên dãy Andes,"Các nhà khoa học tìm thấy hai loài thực vật mới ở độ cao hơn 4.600 m trên dãy Andes nhưng đang bị đe dọa bởi hoạt động khai thác.

Đại học Quốc gia San Marcos của Peru dẫn đầu nghiên cứu hôm 29/11 cho biết các loài mới được đặt tên là Viola ornata và Viola longibracteolata thuộc phân chi Neo-andinium trong chi Hoa tím (Viola). Phân chi này tập hợp các loài chủ yếu sống tại những vùng xa xôi trên dãy Andes ở độ cao cực lớn.

Hai loài mới đều được tìm thấy ở phía nam Peru. Trong khi Viola ornata là loài đặc hữu của vùng Moquegua, phát triển ở độ cao từ 4.650 đến 4.970 m trong đất đông lạnh, loại đất chịu chuỗi đóng băng và tan băng suốt cả ngày, Viola longibracteolata là loài đặc hữu của tỉnh Arequipa, sống ở những nơi có đất đá lạnh trên độ cao hơn 5.000 m so với mực nước biển.

Viola ornata (trái) và Viola longibracteolata (phải). Ảnh: H.Trinidad/E. Navarro

Cả hai có điểm chung là cây thân thảo lâu năm với bề ngoài khá nhiều lông, mọc thành hình hoa thị và có những bông hoa nhỏ. Màu sắc và hình dạng của chúng giúp hòa vào môi trường xung quanh.

""Tình trạng bảo tồn của hai loài mới đang ở mức cực kỳ nguy cấp, chủ yếu là do chất lượng môi trường sống hiện tại và tiềm năng của chúng giảm sút, do những khu vực này bị ảnh hưởng nghiêm trọng bởi việc khai thác khoáng sản quá mức"", Đại học Quốc gia San Marcos lưu ý.

Chi Viola gồm khoảng 600 loài đã được mô tả, trong đó Neo-andinium là phân chi lớn nhất với khoảng 113 loài tập trung ở Nam Mỹ. Phát hiện mới ở Arequipa và Moquegua nâng tổng số loài Neo-andinium được phát hiện ở Peru lên con số 15.

Đoàn Dương (Theo AFP)"
https://vnexpress.net/su-tu-doi-dau-9-con-linh-cau-lam-le-cuop-moi-4544081.html,Sư tử đối đầu 9 con linh cẩu lăm le cướp mồi,"Sư tử đối đầu 9 con linh cẩu lăm le cướp mồi

ZambiaCon sư tử đực nhỏ tuổi bị cả đàn linh cẩu bao vây rượt đuổi để cướp mồi nhưng may mắn chạy thoát với sự hỗ trợ của mẹ nó."
https://vnexpress.net/thiet-ke-thanh-pho-noi-ngoai-khoi-trung-quoc-4543887.html,Thiết kế thành phố nổi ngoài khơi Trung Quốc,"Công ty AT Design Office chia sẻ những hình ảnh của thành phố nổi rộng 10 km2 trên mặt biển.

Thành phố nổi sẽ được ghép từ các module đúc sẵn. Ảnh: AT Design Office

Đơn vị thiết kế AT Design Office lần đầu tiên giới thiệu kế hoạch xây dựng thành phố nổi năm 2015, dự kiến đặt tại quận Dawan của Quảng Đông, Hong Kong, và Macau, Sun hôm 3/12 đưa tin. Theo thiết kế, thành phố sẽ bao gồm phần trụ đúc sẵn bằng bê tông dài 150 m và rộng 30 m. Do ở xa đất liền, thành phố sẽ có cảng cho tàu chở khách lớn, bến du thuyền và bãi đỗ cho tàu ngầm dân sự. Các đường cao tốc ở bên trên và dưới mặt nước sẽ nối liền các khoang khác nhau của thành phố nổi.

AT Design Office với trụ sở ở Anh và Trung Quốc, được thiết kế thành phố nổi với diện tích 10 km2 bởi công ty xây dựng Trung Quốc CCCC-FHDI. CCCC-FHDI từng sử dụng công nghệ tương tự để xây cầu dài 50 km nối liền Hong Kong, Châu Hải, Macau. Một phần của cây cầu là đường hầm dưới nước, nối với trụ bê tông đúc sẵn dài 150 m, theo kiến trúc sư Slavomir Siska. Phần trụ được đúc trên một hòn đảo gần đó và trôi nổi tới khu thi công trước khi được nối liền. Siska đang làm việc với các kỹ sư để lên kế hoạch xây thành phố nổi bằng công nghệ tương tự.

Đề xuất thiết kế ban đầu dành cho thành phố nổi gồm hàng loạt module hình lục giác nối liền với nhau để tạo thành một tổ hợp, cấu trúc nổi lớn nhất từng được xây, Ngoài mạng lưới giao thông gồm du thuyền và tàu ngầm, thành phố còn có một khách sạn nổi và tổ hợp giải trí. Ý tưởng của các kiến trúc sư là tạo ra thành phố chủ yếu tự cung tự cấp với những trang trại, lồng nuôi cá và cơ sở thu thập rác thải, cho phép tự sản xuất thức ăn đồng thời xử lý rác bền vững.

Các module sẽ được đúc sẵn trong nhà máy trước khi trôi nổi ra biển. Nhóm thiết kế hứa hẹn tạo ra hai ""vành đai xanh công cộng"" phục vụ thể thao và giải trí, một ở trên và một ở dưới nước. Thông khí tự nhiên và ánh sáng sẽ được cung cấp qua ống khói ở trung tâm khu vườn thẳng đứng trong thành phố. Theo AT Design Office, thiết kế sẽ mang đến ảnh hưởng tích cực cho xã hội và kinh tế, đáp ứng các nhu cầu của cơ sở hạ tầng dài hạn và phát triển bền vững, đồng thời đem đến cơ hội mới về mặt giáo dục, giải trí, việc làm, kinh doanh. Tuy nhiên, công ty không tiết lộ khi nào dự án sẽ được thi công và hoàn thành.

Với mực nước biển ngày càng tăng, nhiều quốc gia đang dự định xây thành phố nổi để đối phó nguy cơ ở vùng thấp. Chẳng hạn, Maldives giới thiệu kế hoạch xây thành phố nổi ở Ấn Độ Dương với sức chứa 5.000 ngôi nhà. Chỉ cách 15 phút lái xe bằng từ thủ đô Male, thành phố này có thể chứa 20.000 người cùng không gian cho khách sạn, quán bar và cửa hàng lưu niệm.

An Khang (Theo Sun)"
https://vnexpress.net/startup-so-ban-hang-doat-quan-quan-tai-nang-khoi-nghiep-quoc-gia-2022-4543979.html,Startup 'Sổ bán hàng' đoạt quán quân tài năng khởi nghiệp Quốc gia 2022,"Bình DươngGiải pháp giúp bán hàng online của đội SoBanHang giành vị trí cao nhất tại cuộc thi trong khuôn khổ Techfest Vietnam 2022.

Cuộc thi Tìm kiếm tài năng khởi nghiệp đổi mới sáng tạo Quốc gia đã tìm ra chủ nhân và trao giải trong khuôn khổ Techfest Vietnam 2022 tổ chức tại Bình Dương từ ngày 2 đến 4/12. Cuộc thi tìm kiếm và hỗ trợ các doanh nghiệp khởi nghiệp đổi mới sáng tạo là người Việt sinh sống và làm việc trong và nước ngoài, gương mặt đại diện Việt Nam trên hành trình vươn tầm quốc tế.

Sau hơn 3 tháng triển khai, cuộc thi ghi nhận gần 500 đơn đăng ký với hơn 300 hồ sơ chất lượng, đạt gần 100.000 lượt tiếp cận trên các nền tảng mạng xã hội và tổng giá trị giải thưởng lên đến hơn 500.000 USD.

Ban tổ chức đã trao giải Quán quân cho đội SoBanHang, đội đoạt giải Nhì và giải Ba lần lượt là Fina và Forte Biotech.

Thứ trưởng Khoa học và Công nghệ Trần Văn Tùng (trái) và Giám đốc Tập đoàn Tài chính Shinhan, ông Hyuk Choi trao bảng giải thưởng, cúp và hoa cho Quán quân cuộc thi. Ảnh: TTTT

CEO kiêm đồng sáng lập Bùi Hải Nam cùng anh trai Bùi Hải Long (CoFounder) từ SoBanHang nhận giải thưởng tổng trị giá 200 triệu đồng (gồm 100 triệu đồng tiền mặt và các gói hỗ trợ chuyên sâu). Đây cũng là đội đại diện Việt Nam tham dự Startup World Cup với giải thưởng 1 triệu USD.

""Sổ bán hàng"" ra mắt vào thời kỳ đỉnh điểm của dịch Covid-19, cung cấp giải pháp giúp bán hàng online, quản lý bán hàng toàn diện chỉ trên một ứng dụng di động duy nhất, giúp các chủ cửa hàng hiện đại thúc đẩy hoạt động kinh doanh và gia tăng doanh thu bán hàng.

Dự án đoạt giải nhì thuộc về dự án Fina từ CEO TS Phạm Anh Khôi cùng nhà đồng sáng lập kiêm CTO Đỗ Quốc Tiến. Fina là một nền tảng công nghệ cho phép người dùng có thể tìm kiếm, so sánh và lựa chọn chính xác các giải pháp tài chính phù hợp với nhu cầu của mình bao gồm các khoản vay mua nhà, các gói bảo hiểm hoặc các sản phẩm đầu tư.

Ông Phạm Hồng Quất, Cục trưởng cục phát triển thị trường & doanh nghiệp KHCN, Bộ Khoa học và Công nghệ (trái) trao giải cho đội Á quân Fina. Ảnh: TTTT

Nhà sáng lập Kit Yong cùng dự án Forte Biotech giành giải Quý quân. Được thành lập vào 2021, Forte Biotech phát triển kit xét nghiệm RAPID (Robust & Accurate Prawn Infection Detector) được dùng cho xét nghiệm các bệnh thường gặp trên tôm. Chỉ với ba bước đơn giản, người nông dân có thể tự thực hiện xét nghiệm chẩn đoán và nhận được kết quả chính xác trong vòng 1 giờ mà không cần thiết bị chuyên ngành hay kiến thức chuyên môn.

Phát biểu tại chung kết, ông Phạm Hồng Quất, Cục trưởng Cục Phát triển thị trường và Doanh nghiệp khoa học công nghệ, Bộ Khoa học và Công nghệ, cho biết doanh nghiệp vừa và nhỏ, doanh nghiệp đổi mới sáng tạo, doanh nghiệp khởi nghiệp là hạt giống mà hệ sinh thái Việt Nam đang sẵn có. Tuy nhiên ông cho hay, không thể chỉ đòi hỏi và trông đợi vào nội lực của doanh nghiệp, mà còn phải có cơ chế hỗ trợ bên ngoài phù hợp để dẫn dắt, hỗ trợ.

Đánh giá cần có sự phối hợp hành động từ các thành tố trong hệ sinh thái, ông cho biết cần cùng thiết kế, chung tay triển khai ngay để đón được đợt sóng mới của công nghệ. ""Đối với từng chủ thể trong hệ sinh thái, nền tảng đổi mới sáng tạo mở mang lại những lợi ích khác nhau. Đó là lý do chúng ta mong muốn cùng xây dựng và phát triển một hệ sinh thái đổi mới sáng tạo mở, trong đó mục tiêu quan trọng là thúc đẩy các đặc tính đổi mới sáng tạo, mở và liên kết"", ông Quất nói.

Top 10 cuộc thi tại lễ trao giải cuộc thi. Ảnh: TTTT

Ông Kim Dong Uk, Senior Director, Shinhan Financial Group Hope Foundation, cho biết 5 đội thi trong top 10 được chọn vào chương trình 2022 Vietnam Techfest Shinhan Global Track Award, với gói tăng tốc khởi nghiệp toàn cầu. Tại đây các đội có cơ hội gặp gỡ chuyên gia và gọi vốn, mở rộng kết nối tại Hàn Quốc và trên thế giới. ""Việc hỗ trợ cuộc thi Tìm kiếm Tài năng Khởi nghiệp Đổi mới sáng tạo Quốc gia là cơ hội quý giá để chúng tôi mở rộng kết nối đến các startups tại Việt Nam, đồng thời cùng Việt Nam thúc đẩy hệ sinh thái khởi nghiệp hiệu quả. Bản thân chúng tôi đã tìm thấy một số công ty tiềm năng để hợp tác hoặc đầu tư"", ông Kim chia sẻ.

Cuộc thi nằm thuộc khuôn khổ Ngày hội Khởi nghiệp sáng tạo Quốc gia Techfest 2022 với chủ đề ""Đổi mới sáng tạo mở - Khơi nguồn tư duy mới"" (Open Innovation Ecosystem - The Next Big Think). Techfest Vietnam là hoạt động được Bộ Khoa học và Công nghệ tổ chức thường niên từ năm 2015 và trở thành sân chơi lớn nhất về khởi nghiệp và đổi mới sáng tạo Việt Nam.

Như Quỳnh"
https://vnexpress.net/robot-loai-bo-khoi-u-cuu-song-benh-nhan-61-tuoi-4543876.html,Robot loại bỏ khối u cứu sống bệnh nhân 61 tuổi,"AnhMột robot phẫu thuật tại bệnh viện ở Gloucestershire mang lại cơ hội sống cho bệnh nhân ung thư khi cắt thành công khối u ở cổ họng ông.

Robot Versius hỗ trợ các bác sĩ trong ca phẫu thuật cắt khối u. Ảnh: CMR Surgical

Các bác sĩ phẫu thuật ở Bệnh viện Hoàng gia Gloucestershire sử dụng robot thế hệ mới mang tên Versius để tiến hành cắt thực quản nhằm loại bỏ khối u 5,8 cm từ bệnh nhân mang tên Martin Nugent. Quá trình do robot thực hiện là một dạng phẫu thuật xâm lấn tối thiểu, tạo ra vết cắt nhỏ hơn và giảm tỷ lệ biến chứng, sẹo và đau đớn sau phẫu thuật, Mail hôm 3/12 đưa tin. Ca phẫu thuật bao gồm nâng dạ dày của Nugent và nối lại với thực phẩm, giúp ông có cơ hội sống sót.

Theo CMR Surgical, công ty sản xuất robot phẫu thuật, cỗ máy là bộ thiết bị có thể cử động như cổ tay, kết hợp tầm nhìn 3D HD tăng cường, cung cấp cho các bác sĩ độ chính xác cao khi thực hiện những bước theo trình tự rắc rối hoặc hoạt động ở khu vực khó tiếp cận. Với độ chính xác và kiểm soát tối ưu, bác sĩ phẫu thuật có thể tiến hành nhiều quá trình nội soi phức tạp hơn.

""Thật tuyệt khi chứng kiến đội ngũ đến từ nhiều khoa ở GRH sử dụng Versius cho phẫu thuật ung thư phức tạp như thế này. Chúng tôi biết phẫu thuật xâm lấn tối thiểu cải thiện kết quả cho bệnh nhân, có thể dẫn tới hồi phục nhanh hơn và robot phẫu thuật hỗ trợ quá trình đó"", Ana Raduc, tổng giám đốc CMR Surgical, cho biết.

Cỗ máy siêu nhẹ và có thiết kế dạng module, cho phép di chuyển dễ dàng giữa các khoa. Versius cũng trang bị công nghệ cho phép ứng dụng trong bất kỳ phòng giải phẫu nào. Mẫu robot được lắp đặt năm ngoái và Bệnh viện Hoàng gia Gloucestershire trở thành bệnh viện đầu tiên ở Anh bắt đầu chương trình phẫu thuật bằng robot. Versius cũng tiến hành thành công các ca phẫu thuật ung thư đại trực tràng.

An Khang (Theo Mail)"
https://vnexpress.net/rua-190-tuoi-song-lau-nhat-the-gioi-4543877.html,Rùa 190 tuổi sống lâu nhất thế giới,"AnhRùa khổng lồ Jonathan trở thành động vật trên cạn sống lâu nhất thế giới vào sinh nhật lần thứ 190.

Jonathan lập kỷ lục sống lâu nhất thế giới. Ảnh: Gianluigi Guercia/AFP

Jonathan lần đầu tiên tới nơi ở hiện nay của nó trên đảo Saint Helena ở Nam Đại Tây Dương năm 1882 như một món quà dành cho thống đốc của hòn đảo thuộc sở hữu của nước Anh. Vào thời gian đó, con rùa được cho là 50 tuổi, Fox News hôm 3/12 đưa tin.

Hiện nay, ở tuổi 190, Jonathan dài 122 cm, giữ nguyên kích thước khi nó tới đảo. Nó thuộc loài rùa khổng lồ Seychelles, trưởng thành đầy đủ khi 50 tuổi. Một số nhà tự nhiên học cho rằng nó thậm chí có thể già hơn. Dù sống thọ, Jonathan mới chỉ thu hút sự chú ý trên khắp thế giới vào năm 2008 khi trang Independent đưa tin con vật tròn 176 tuổi.

Jonathan sống lâu hơn nhiều so với tuổi thọ trung bình của rùa khổng lồ Seychelles là 150 tuổi. Con rùa chỉ 5 tuổi khi nữ hoàng Anh lên ngôi và sống qua hai lần Thế chiến. Nó cũng sống qua 39 nhiệm kỳ tổng thống Mỹ.

Ước tính ra đời năm 1832, Jonathan sống phần lớn cuộc đời trong ngôi nhà ở đồn điền của thống đốc. Nó có thể được xem như biểu tượng của hòn đảo. Hình ảnh của Jonathan thậm chí xuất hiện ở mặt sau đồng 5 xu của đảo Saint Helena.

Các nhà khoa học thậm chí từng nghiên cứu Jonathan để xác định những lợi ích sức khỏe có thể thu được từ chế độ ăn và tế bào của nó. Do tế bào của Jonathan không đột biến theo cách tương tự tế bào con người, giới nghiên cứu hy vọng nó có thể hé lộ bí quyết đối phó bệnh ung thư ở người.

Jonathan ở chung cùng với 3 con rùa khác là rùa cái Emma 54 tuổi, rùa đực David 54 tuổi và rùa cái Fredrika 31 tuổi. Hai con rùa đầu tiên tới đảo năm 1969 trong khi Frederika được chuyển đến năm 1991. Năm ngoài, Jonathan soán ngôi động vật trên cạn sống lâu nhất thế giới của một con rùa Madagascar tên Tu’I Malila. Tu’I Malila là quà tặng dành cho hoàng tộc Tonga năm 1777 và chết năm 1965 ở tuổi 188, theo Smithsonian.

An Khang (Theo Fox News)"
https://vnexpress.net/phi-hanh-gia-trung-quoc-tro-ve-trai-dat-sau-6-thang-trong-vu-tru-4543874.html,Phi hành gia Trung Quốc trở về Trái Đất sau 6 tháng trong vũ trụ,"Bộ ba phi hành gia Thần Châu 14 đã ở trên trạm Thiên Cung từ tháng 6 năm nay sẽ bay về Trái Đất hôm nay.

Phi hành gia Thần Châu 14 và Thần Châu 15 chụp ảnh cùng nhau trên trạm Thiên Cung. Ảnh: CMSA

Theo lịch trình, phi hành gia Chen Dong, Liu Yang và Cai Xuzhe sẽ rời trạm Thiên Cung và bay qua khí quyển Trái Đất trên tàu Thần Châu 14, theo Space. Phi hành đoàn sẽ hạ cánh khoang hồi quyển trên sa mạc Gobi gần Trung tâm phóng vệ tinh Tửu Tuyền vào 19h10 ngày 4/12 theo giờ Hà Nội. Thời gian dự phòng cho quá trình hạ cánh là 90 phút. Các đội trên mặt đất đã hoàn thành diễn tập và thu hồi hôm 1/12 để chuẩn bị cho việc hạ cánh.

Ba phi hành gia Thần Châu 14 phóng lên module lõi Thiên Hòa từ Tửu Tuyền hôm 5/6 và chứng kiến hai module tiếp theo bay lên quỹ đạo, hoàn thành trạm vũ trụ Thiên Cung hình chữ T. Họ đã chào đón phi hành đoàn Thần Châu 15 hôm 29/11, đánh dấu lần đầu tiên Trung Quốc có 6 phi hành gia trong vũ trụ cùng lúc. Sau đó, hai đội bắt đầu chuẩn bị cho công tác bàn giao và chuyến bay về nhà của tàu Thần Châu 14.

Các phi hành gia Fei Junlong, Deng Qingming và Zhang Lu trên tàu Thần Châu 15 đang chuẩn bị cho nhiệm vụ mới, bao gồm thay thế bộ lọc khí và lọc nước. Trạm Thiên Cung đã mở rộng từ 1 lên 3 module trong vài tháng qua, có nghĩa phi hành đoàn Thần Châu 15 sẽ có nhiều không gian hơn, đồng thời nhiều công việc, trách nhiệm và công tác bảo dưỡng cần tiến hành hơn.

Hiện nay, trạm Thiên Cung có 24 cabin khoa học nằm ở module Vấn Thiên và Mộng Thiên. Phi hành đoàn Thần Châu 15 được giao tiến hành hơn 100 thí nghiệm khoa học, sử dụng thiết bị mới trong vòng nửa năm tới. Họ cũng sẽ thực hiện 3 – 4 chuyến đi bộ không gian, theo Huang.

An Khang (Theo Space)"
https://vnexpress.net/thu-tuong-moi-cong-dan-la-mot-nha-khoi-nghiep-4543832.html,Thủ tướng: 'Mỗi công dân là một nhà khởi nghiệp',"Với tinh thần đổi mới sáng tạo, khởi nghiệp, tinh thần tư duy mới, Thủ tướng mong muốn mỗi công dân là một nhà khởi nghiệp, đổi mới sáng tạo.

Thông điệp được Thủ tướng Phạm Minh Chính nói trong chương trình Dấu ấn Techfest Vietnam tổ chức tối 3/12 tại Bình Dương. Sự kiện do Bộ Khoa học và Công nghệ phối hợp UBND tỉnh Bình Dương tổ chức với sự tham gia của gần 1.000 đại biểu là lãnh đạo Chính phủ, các bộ ngành, nhà khoa học công nghệ, doanh nhân và các bạn trẻ khởi nghiệp...

Thủ tướng Phạm Minh Chính phát biểu tại Dấu ấn Techfest Vietnam 2022. Ảnh: Thái Hà

Thủ tướng nhấn mạnh, tìm kiếm cơ hội, huy động nguồn lực và chấp nhận rủi ro để thực hiện hóa giấc mơ tạo ra nhiều của cải cho xã hội với yếu tố cốt lõi quyết định đó là đổi mới, sáng tạo. Vì vậy, khởi nghiệp, đổi mới sáng tạo, thúc đẩy doanh nghiệp phát triển luôn là một động lực quan trọng trong phát triển của mỗi quốc gia, đặc biệt trong thời đại cách mạng công nghiệp lần thứ 4 tạo ra nhiều cơ hội cho tất cả các quốc gia đẩy mạnh khởi nghiệp và sáng tạo.

Thực tiễn kinh nghiệm quốc tế cho thấy, trong xu thế hội nhập và phát triển hiện nay, khởi nghiệp và tạo dựng doanh nghiệp là động lực thiết yếu của nền kinh tế mỗi quốc gia. Ông khẳng định, Đảng, Nhà nước luôn chủ trương đẩy mạnh chuyển đổi mô hình tăng trưởng dựa trên nền tảng khoa học, công nghệ và đổi mới sáng tạo để nâng cao năng suất, chất lượng và sức cạnh tranh của nền kinh tế bằng cách cụ thể hóa bằng các cơ chế, chính sách, ban hành khung khổ pháp lý và các đề án hỗ trợ hệ sinh thái khởi nghiệp đổi mới sáng tạo quốc gia.

Khởi nghiệp là chương trình lớn của đất nước, đẩy mạnh chuyển đổi số quốc gia trên nền tảng công nghệ. ""Những năm qua, chúng ta có nhiều chính sách để khởi nghiệp đổi mới sáng tạo như ban hành nhiều khung chính sách, pháp lý để hệ sinh thái khởi nghiệp sáng tạo phát triển mạnh mẽ ở Việt Nam"", Thủ tướng nói.

Người đứng đầu Chính phủ nói khởi nghiệp đã khó, khởi nghiệp mà tạo dựng giá trị trên cơ sở khai thác trí tuệ, công nghệ, mô hình kinh doanh mới bền vững còn khó hơn rất nhiều. Việt Nam có nhiều doanh nghiệp như vậy, bắt đầu phát triển, vươn tầm quốc tế thể hiện chí tuệ nước nhà, từng bước khẳng định, vươn xa thế giới.

Trước đó trong bài phát biểu khai mạc, Bộ trưởng Khoa học và Công nghệ Huỳnh Thành Đạt cho biết, hệ sinh thái khởi nghiệp sáng tạo mở của Việt Nam thời gian qua được hình thành với hơn 400 thành viên, tiếp cận được hơn 1.000 nhà khoa học. Ngày càng có nhiều doanh nghiệp lớn, tập đoàn kinh tế tham gia các hoạt động trong hệ sinh thái, hợp tác với các doanh nghiệp khởi nghiệp đổi mới sáng tạo non trẻ, tạo thêm nguồn lực quan trọng cho hệ sinh thái.

Thu hẹp khoảng cách để bứt phá

Thủ tướng đánh giá hệ sinh thái khởi nghiệp còn khoảng cách so với một số nước trong khu vực và thế giới. Để thu hẹp và đưa Việt Nam bứt phá lên, cần phát triển sáng tạo phù hợp với đặc thù con người Việt Nam. Đồng thời cần triển khai đồng bộ liên tục nhưng phải có trọng tâm, trọng điểm, có hiệu quả. Có chính sách đột phá, nâng cao năng lực cạnh tranh của doanh nghiệp, địa phương và quốc gia.

Thủ tướng bày tỏ sẽ ủng hộ và khẳng định, việc phát triển một môi trường thuận lợi cho khởi nghiệp, đổi mới sáng tạo, một hệ sinh thái khởi nghiệp sáng tạo là vô cùng cần thiết. Theo đó, cần tập trung xây dựng thể chế chính sách về khoa học, thị trường, phù hợp với cơ chế thị trường và thông lệ quốc tế. Tháo gỡ các nút thắt, tạo điều kiện cơ chế đặt hàng để tạo niềm tin cho thị trường.

Thủ tướng Phạm Minh Chính (thứ ba từ phải qua) và Bộ trưởng Huỳnh Thành Đạt (thứ hai từ phải qua) tham quan các gian hàng tại Triển lãm tối 3/12. Ảnh:Phước Tuấn

Để sớm đưa Việt Nam trở thành một quốc gia mạnh về khởi nghiệp Thủ tướng yêu cầu, các bộ, ngành, địa phương, cơ quan, đơn vị cần có giải pháp gắn khởi nghiệp, đổi mới sáng tạo với tri thức, khoa học công nghệ và đặc thù riêng có của đất nước, con người Việt Nam. Xác định khởi nghiệp, đổi mới sáng tạo là nhiệm vụ của các cấp, các ngành, các địa phương, cơ quan, đơn vị và mỗi cá nhân; triển khai đồng bộ, sâu rộng, thường xuyên, liên tục nhưng phải có trọng tâm, trọng điểm và hiệu quả.

Trong đó, ông yêu cầu tập trung một số nhiệm vụ tăng cường nhận thức về vị trí, vai trò, tầm quan trọng của khởi nghiệp, đổi mới sáng tạo. Gắn khởi nghiệp, đổi mới sáng tạo với giải quyết những điểm nghẽn, khó khăn, thách thức của đất nước, địa phương, cơ quan, đơn vị, nhất là những vấn đề liên quan đến thích ứng với biến đổi khí hậu, phát triển kinh tế xanh, kinh tế số, kinh tế tuần hoàn, kinh tế tri thức. Giải quyết các bài toán về cạn kiệt tài nguyên, già hóa dân số, phát triển bền vững, tăng cường hiệu quả quản trị quốc gia, nâng cao năng suất, chất lượng lao động... Qua đó, tạo đột phá, đem lại những giá trị thiết thực cho cá nhân, cộng đồng, xã hội.

Thủ tướng khuyến khích những ý tưởng mới, những kế hoạch sáng tạo, những cá nhân dám nghĩ, dám làm, dám đột phá để giải quyết các vấn đề đặt ra trên thực tế, trên đất nước và toàn cầu.

Ông yêu cầu đồng bộ hóa các quy định, quy chế, chính sách có liên quan, có cơ chế ưu đãi về thuế, thí điểm, đầu tư mạo hiểm, chấp nhận rủi ro nhằm tháo gỡ các nút thắt, rào cản, tạo điều kiện, môi trường thuận lợi cho khởi nghiệp, đổi mới sáng tạo; khuyến khích cơ chế đặt hàng, sử dụng các sản phẩm đổi mới sáng tạo; công nhận sản phẩm, dịch vụ mới để tạo niềm tin cho thị trường.

Thủ tướng mong muốn, các nhà quản lý, đầu tư, nhà khoa học, cộng đồng khởi nghiệp có nhiều kinh nghiệm hỗ trợ hệ sinh thái khởi nghiệp sáng tạo. Ông kêu gọi các nhà khoa học, các tổ chức cá nhân đóng góp tích cực, giúp đỡ các ý tưởng khởi nghiệp mới của thế hệ trẻ dám đối diện khó khăn, không sợ thất bại với tinh thần đổi mới sáng tạo, khởi nghiệp, tư duy mới mỗi công dân là một nhà khởi nghiệp, đổi mới sáng tạo.

Việt Nam hiện có 4 ""kỳ lân"" công nghệ, khẳng định vị thế trong ""tam giác vàng"" khởi nghiệp của Đông Nam Á, bên cạnh Singapore và Indonesia. Cả nước có 79 cơ sở ươm tạo, 40 tổ chức thúc đẩy kinh doanh, khoảng 170 trường đại học cao đẳng hoạt động khởi nghiệp sáng tạo, trong đó có 43 trường đại học thành lập vườn ươm, trung tâm, câu lạc bộ khởi nghiệp lâu dài.

Phước Tuấn"
https://vnexpress.net/anh-phat-trien-ten-lua-sieu-toc-chay-bang-dien-hat-nhan-4543765.html,Anh phát triển tên lửa siêu tốc chạy bằng điện hạt nhân,"Anh phát triển tên lửa siêu tốc chạy bằng điện hạt nhân

Công ty Pulsar Fusion của Anh đang có những bước tiến lớn trong việc sản xuất tên lửa xanh siêu tốc dựa trên công nghệ tổng hợp hạt nhân."
https://vnexpress.net/thu-pham-gay-axit-hoa-dai-duong-4543703.html,Thủ phạm gây axit hóa đại dương,"Thủ phạm gây axit hóa đại dương

Khí thải CO2 do con người tạo ra đang làm axit hóa đại dương, đe dọa các loài sinh vật biển và khiến hành tinh nóng lên nhanh hơn."
https://vnexpress.net/loi-the-va-thach-thuc-khi-khoi-nghiep-blockchain-tai-viet-nam-4543834.html,Lợi thế và thách thức khi khởi nghiệp blockchain tại Việt Nam,"Theo các chuyên gia, khởi nghiệp blockchain gặp nhiều thuận lợi trong gọi vốn, ít cạnh tranh nhưng gặp thách thức về chính sách, tiêu cực thị trường…

Tại hội thảo khởi nghiệp blockchain ngày 3/12 trong khuôn khổ Ngày hội Đổi mới sáng tạo Quốc gia - Techfest 2022, tiến sĩ Đinh Ngọc Thạnh thuộc Đại học Soongsil (Hàn Quốc) cho rằng blockchain là một nền tảng tính toán chung toàn cầu mà ai cũng có thể tham gia đóng góp và phát triển. Đây được coi là thế hệ tính toán tiếp theo trong chặng đường phát triển máy tính.

""Blockchain hoạt động bằng sự đồng thuận theo nguyên tắc nhất định để có thể thực hiện vai trò tính toán chung của mạng lưới. Mọi dữ liệu đồng nhất, phi tập trung, khó thay đổi"", ông Thạnh nói về kiến trúc của blockchain. Ông cho rằng, những đặc điểm này, cùng với tiềm năng thị trường khiến blockchain có nhiều lợi thế cho các nhóm khởi nghiệp Việt Nam khi phát triển dự án ứng dụng công nghệ này vào cuộc sống.

TS Đinh Ngọc Thạnh, Đại học Soongsil, nói về tiềm năng và thách thức khởi nghiệp blockchain tại hội thảo blockchain chiều 3/12. Ảnh: Hà An

Nguồn vốn là lợi thế đầu tiên của khởi nghiệp blockchain khi giải được bài toán lớn nhất của khởi nghiệp là thu hút nhà đầu tư. Theo ông Thạnh, hiện thị trường blockchain nhỏ nhưng lượng vốn đổ vào rất lớn từ nhiều tập đoàn, quỹ Web2 và Web3 và không bị giới hạn về địa lý.

Thị trường blockchain được coi là ""xanh"" do công nghệ mới, ít người tham gia, nhiều ngách ứng dụng chưa được khám phá, là cơ hội để các startup tiên phong. Ứng dụng blockchain trong các ngành hiện vẫn chưa lớn, chưa hoàn thiện, cạnh tranh chưa quá cao. ""Xây dựng cơ sở hạ tầng cho blockchain là sự tham gia của cộng đồng dựa trên nguyên tắc đồng thuận được quy ước. Việc này giúp startup có thể xây dựng một hệ thống mà cộng đồng thế giới đóng góp vào giúp nâng cao khả năng cạnh tranh với doanh nghiệp công nghệ lớn"", tiến sĩ Thạnh nói.

Những thách thức

Giống như các thế hệ tính toán trước, blockchain đang trong giai đoạn sớm nên gặp giới hạn về khả năng mở rộng trải nghiệm người dùng. Ông Thạnh nêu dẫn chứng, trước đây con người sử dụng máy tính chiếm diện tích lớn nhưng hoạt động rất chậm khiến trải nghiệm kém và giá rất cao. Hiện nay, máy tính nhỏ gọn hơn, hiệu năng cao hơn. ""Máy tính blockchain cũng gặp những hạn chế như các thế hệ đầu của máy tính"", ông nói và cho rằng đây là cơ hội cho startup phát triển các giải pháp giải quyết vấn đề này.

Các chuyên gia thảo luận công nghệ blockhchain tại phiên tọa đàm. Ảnh: Hà An

Hiện khung pháp lý còn chưa rõ ràng và cơ quan chức năng cũng cần thời gian nghiên cứu đưa ra điểu khoản quản lý cho hoạt động lĩnh vực blockchain. Ông Thạnh cho rằng các chuyên gia blockchain cần chung tay chia sẻ, hỗ trợ giúp cơ quan nhà nước hiểu rõ hơn về blockchain và giúp xây dựng chính sách. Vì chưa có hành lang pháp lý, thị trường blockchain được cho là còn nhiều tiêu cực khi có những hình thức lừa đảo và startup kém chất lượng, trong khi người đầu tư chưa có kiến thức để phân biệt.

Còn theo luật sư Đào Tiến Phong, thuộc hãng luật Investpush Legal, Việt Nam là một trong những nước có mức độ thân thiện nhất định về tiền điện tử. ""Dù quy định chi tiết vận hành triển khai dự án blockchain chưa có, các chủ trương chung được nhà nước đưa ra sớm nhất có thể, chấp nhận thử nghiệm cái mới trong sự kiểm soát là yếu tố rất tích cực. Phải có thời gian để luật đi vào cuộc sống khi công nghệ này phát triển có từ định hướng của các nhà quản lý"" ông Phong nói.

Để khuyến khích phát triển các ứng dụng blockhchain, ông Phạm Hưởng, Giám đốc GFI Ventures, cho biết họ có nguồn đầu tư hơn 350 triệu USD cho startup lĩnh vực này và sẵn sàng huy động nguồn lực từ quỹ của nước ngoài tham gia để có những sản phẩm mới. ""Điều quan trọng là các dự án phải giải quyết các vấn đề thực tiễn của xã hội"", ông nói.

Hà An"
https://vnexpress.net/viet-nam-da-co-mot-he-sinh-thai-khoi-nghiep-sang-tao-mo-dac-trung-4543784.html,'Việt Nam đã có một hệ sinh thái khởi nghiệp sáng tạo mở đặc trưng',"Bình DươngBộ trưởng Khoa học và Công nghệ Huỳnh Thành Đạt cho biết, hệ sinh thái khởi nghiệp sáng tạo mở thời gian qua được hình thành với hơn 400 thành viên, tiếp cận được hơn 1.000 nhà khoa học.

Thông tin được Bộ trưởng chia sẻ trong phát biểu khai mạc Chương trình Dấu ấn Techfest Vietnam tổ chức tối 3/12. Sự kiện do Bộ Khoa học và Công nghệ phối hợp UBND tỉnh Bình Dương tổ chức với sự tham gia của gần 1.000 đại biểu là lãnh đạo Chính phủ, các bộ ngành, nhà khoa học công nghệ, doanh nhân và các bạn trẻ khởi nghiệp... Chương trình nhằm tổng kết chuỗi hoạt động Techfest đã được triển khai trong năm 2022, với hơn 10 Techfest địa phương, Techfest vùng trên cả nước.

Theo Bộ trưởng Huỳnh Thành Đạt, Techfest quốc gia 2022 đã ghi nhận nhiều kết quả ấn tượng, có ý nghĩa, đã tạo ra một hệ sinh thái khởi nghiệp đổi mới sáng tạo mở đặc trưng của Việt Nam.

Thủ tướng Phạm Minh Chính (thứ ba từ phải qua) và Bộ trưởng Huỳnh Thành Đạt (thứ hai từ phải qua) tham quan các gian hàng tại Triển lãm tối 3/12. Ảnh: Phước Tuấn

Bộ trưởng cho rằng, việc xây dựng và phát triển hệ sinh thái được cộng hưởng và triển khai rộng khắp trên cả nước; mạng lưới hỗ trợ đã và đang phát triển ngày càng năng động và hiệu quả, với hơn 400 thành viên, tiếp cận được hơn 1.000 nhà khoa học; nền tảng về hạ tầng và nhân lực ngày càng được củng cố; năng lực kết nối và khai thác nguồn lực quốc tế ngày càng được cải thiện. Trong đó ngày càng có nhiều doanh nghiệp lớn, tập đoàn kinh tế tham gia các hoạt động trong hệ sinh thái, hợp tác với các doanh nghiệp khởi nghiệp đổi mới sáng tạo non trẻ, tạo thêm nguồn lực quan trọng cho hệ sinh thái.

Theo ông Đạt, các hoạt động của hệ sinh thái ngày càng được mở rộng, gắn kết với chương trình, chiến lược của quốc gia và quốc tế. Trong Techfest năm nay, đã hình thành các làng công nghệ mới như công nghệ sinh thái, kinh tế tuần hoàn, năng lượng xanh...

Bộ trưởng mong muốn cộng đồng khởi nghiệp cũng như các cơ quan quản lý, tổ chức trong nước, quốc tế tiếp tục có nhiều sáng kiến hơn, nhiều hoạt động có hiệu quả hơn cho những năm tiếp theo. Đồng thời các cơ quan quản lý nhà nước tiếp tục tăng cường hỗ trợ hệ sinh thái phát triển theo chiều sâu, đề xuất và triển khai các cơ chế chính sách tạo thuận lợi cho hoạt động khởi nghiệp đổi mới sáng tạo và đầu tư mạo hiểm.

""Xây dựng và phát triển một hệ sinh thái khởi nghiệp đổi mới sáng tạo bền vững, hiệu quả cao và tạo giá trị gia tăng cho nền kinh tế không phải là một con đường ngắn. Nhưng tôi tin rằng, với sức mạnh của trí tuệ Việt, với khát vọng mãnh liệt, với quyết tâm cao và nỗ lực lớn, chúng ta sẽ làm được. Việt Nam sẽ thực sự trở thành một miền đất đổi mới sáng tạo màu mỡ cho các hạt giống tốt được nảy mầm, lớn lên với quy mô khu vực và toàn cầu"", ông Đạt nói.

Năm 2022, hệ sinh thái khởi nghiệp toàn cầu ghi nhận Việt Nam xếp thứ 54, tăng 5 bậc so với năm 2021. 9 tháng đầu năm 2022 đã chứng kiến lượng vốn đầu tư cho khởi nghiệp sáng tạo Việt Nam giảm nhẹ so với năm 2021, tập trung cho các doanh nghiệp ở giai đoạn phát triển thị trường với quy mô đầu tư từ 10 đến 50 triệu USD.

Thủ tướng Phạm Minh Chính và Bộ trưởng Khoa học và Công nghệ nghe đại diện gian hàng giới thiệu các sản phẩm tại triển lãm tối 3/12. Ảnh: Phước Tuấn

Việt Nam hiện có 4 ""kỳ lân"" công nghệ, khẳng định vị thế trong ""tam giác vàng"" khởi nghiệp của Đông Nam Á, bên cạnh Singapore và Indonesia. Cả nước có 79 cơ sở ươm tạo, 40 tổ chức thúc đẩy kinh doanh, khoảng 170 trường đại học cao đẳng hoạt động khởi nghiệp sáng tạo, trong đó có 43 trường đại học thành lập vườn ươm, trung tâm, câu lạc bộ khởi nghiệp lâu dài.

Mô hình Techfest được lan tỏa và cộng hưởng trên cả nước, với hơn 10 Techfest vùng, địa phương được tổ chức trong năm 2022. Đồng thời, ra mắt nhiều mạng lưới hỗ trợ khởi nghiệp sáng tạo cấp địa phương như tại Sơn La, Lai Châu, Cần Thơ... và cấp vùng như Đồng bằng sông Cửu Long, vùng Duyên hải Nam Trung Bộ.

Nhiều sản phẩm công nghệ mới được giới thiệu trong ngày hội sáng tạo. Ảnh: Phước Tuấn

Trước đó chiều nay, nằm trong chuỗi sự kiện Techfest Vietnam 2022 đã diễn ra diễn đàn Chính sách đa phương cấp cao về hệ sinh thái khởi nghiệp đổi mới sáng tạo với sự tham gia của các chuyên gia xây dựng chính sách, cố vấn cấp cao của các tổ chức tư vấn quốc tế về công nghệ và phát triển bền vững..."
https://vnexpress.net/loai-ong-xay-lau-dai-cat-tren-bai-bien-4543799.html,Loài ong xây lâu đài cát trên bãi biển,"Loài ong xây lâu đài cát trên bãi biển

MỹMỗi ngày, ong đào cát có thể bay 80 chuyến để mang vật liệu về xây tổ trên vách đá, sau đó chuẩn bị thức ăn và đẻ trứng."
https://vnexpress.net/ten-lua-methane-dau-tien-sap-phong-vao-vu-tru-4543585.html,Tên lửa methane đầu tiên sắp phóng vào vũ trụ,"Trung QuốcCông ty Landspace sẽ phóng tên lửa nhiên liệu methane đầu tiên trên thế giới lực đẩy 268 tấn lên quỹ đạo trong vòng hai tuần tới.

Thiết kế phần đuôi tên lửa Zhuque-2. Ảnh: Landspace

Theo dự kiến, tên lửa mang tên Zhuque-2 được phát triển bởi công ty khởi nghiệp Landspace sẽ phóng trong khoảng ngày 4 - 15/12 từ sa mạc Gobi ở Nội Mông. Nếu thành công, đây sẽ là tên lửa đốt bằng methane đầu tiên phóng lên quỹ đạo. Landspace đang cạnh tranh với hai đối thủ đến từ Mỹ là SpaceX và Relativity Space trong nỗ lực phóng tên lửa methane.

Methane là thành phần cơ bản của khí gas tự nhiên. Khi dùng làm nhiên liệu tên lửa, khí methane hiệu quả, dễ sản xuất và thân thiện với môi trường hơn các nhiên liệu truyền thống như kerosene. Được đánh giá là nhiên liệu tương lai cho tên lửa thế hệ tiếp theo, so với kerosene, methane giúp động cơ chuyển nhiên liệu thành lực đẩy hiệu quả hơn, do đó có xung lực đẩy riêng cao hơn. Xung lực đẩy riêng càng cao, lượng nhiên liệu đẩy cần dùng càng ít, kéo theo chi phí phóng càng rẻ hơn.

Methane cũng có lợi thế dễ sản xuất hơn kerosene về mặt kỹ thuật. Nhiên liệu này cũng có thể lọc và sản xuất trên Mặt Trăng, sao Hỏa cùng nhiều nơi. Một số nhà khoa học cho rằng có thể làm nóng regolith (đất đá và bụi trên bề mặt Mặt Trăng khác trong hệ Mặt Trời. Ví dụ, chứa dấu vết của carbon và hydrogen) để sản xuất methane. Nhưng có nhiều thách thức kỹ thuật trong việc chế tạo động cơ methane như khó khăn liên quan tới kích hỏa nhiên liệu, đặc biệt trong môi trường nhiệt độ thấp như nhiệm vụ trong không gian.

Zhuque-2 là tên lửa hai tầng cao gần 50 m và rộng hơn 3 m, sử dụng hỗn hợp methane lỏng và oxy lỏng. Với khối lượng 219 tấn và lực đẩy 268 tấn khi cất cánh, tên lửa này có thể đưa 6 tấn hàng hóa lên quỹ đạo thấp của Trái Đất, theo Landspace. Zhuque-2 trang bị 4 động cơ Tianque-12 lực đẩy 80 tấn ở tầng thứ nhất, một động cơ tương tự ở tầng thứ hai, cùng với 4 động cơ phụ trợ lực đẩy 10 tấn.

Về mặt quy mô, tên lửa Zhuque-2 nằm giữa tên lửa Starship khổng lồ của SpaceX và tên lửa Terran 1 nhỏ hơn do Relativity Space phát triển. Tên lửa Starship cao 120 m có khả năng chở 100 tấn hàng hóa lên quỹ đạo thấp của Trái Đất trong khi tên lửa Terran 1 cao 35 m có thể chở 1,5 tấn hàng. Khác biệt chủ chốt nằm ở chỗ tên lửa Zhuque-2 không thể tái sử dụng ở hiện tại. Landspace cho biết công ty đang phát triển mẫu động cơ Tianque-12 mới có thể tái sử dụng trong tương lai.

Dù Zhuque-2 chưa cất cánh, công ty đã bắt tay vào chế tạo tên lửa dùng cho lần bay thứ 2 và thứ 3 tại cơ sở sản xuất ở Gia Hưng thuộc tỉnh Chiết Giang. Những tên lửa này có thể sẵn sàng phóng trong vòng 6 tháng.

An Khang (Theo SCMP)"
https://vnexpress.net/hai-bang-dang-vuon-cao-tranh-vuon-cay-an-qua-4543133.html,Hai 'băng đảng' vượn cáo tranh vườn cây ăn quả,"Hai 'băng đảng' vượn cáo tranh vườn cây ăn quả

MadagascarVượn cáo đầu đàn kéo quân đi xâm chiếm khu vườn nhỏ ở rìa lãnh thổ của đối thủ để có thêm thức ăn khi mùa mưa đến."
https://vnexpress.net/nasa-se-mang-mau-vat-sao-hoa-ve-trai-dat-nhu-the-nao-4543125.html,NASA sẽ mang mẫu vật sao Hỏa về Trái Đất như thế nào?,"Cơ quan Hàng không Vũ trụ Mỹ (NASA) và Cơ quan Vũ trụ châu Âu (ESA) chia sẻ video mô phỏng quá trình đưa mẫu vật sao Hỏa trở về Trái Đất.

NASA sẽ mang mẫu vật sao Hỏa về Trái Đất như thế nào? Các bước đưa mẫu vật sao Hỏa về Trái Đất. Ảnh: NASA

Đoạn video dài 106 giây mô tả nhiệm vụ mang tên Mars Sample Return (MSR) có độ phức tạp cao, bắt đầu với cảnh tàu vũ trụ bọc trong lớp vỏ bảo vệ lao nhanh tới sao Hỏa, Space hôm 1/12 đưa tin. Robot tự hành Perseverance của NASA hạ cánh xuống hành tinh đỏ vào tháng 2/2021 đang tập trung thu thập mẫu vật. Perseverance sẽ chứng kiến trạm đổ bộ MSR của NASA hạ xuống thấp dần và tiếp đất ở gần đó.

Perseverance sẽ tiếp cận trạm đổ bộ, chuyển những mẫu vật nguyên thủy quý giá sang hệ thống chứa mẫu vật trên trạm. Sau đó, mẫu vật sẽ được phóng lên quỹ đạo sao Hỏa bằng tên lửa hai tầng. Tầng thứ hai của tên lửa sẽ gặp gỡ tàu quay quanh quỹ đạo MSR của ESA. Tiếp đó, con tàu đốt động cơ quay trở về Trái Đất. Ở cuối video là quá trình giải phóng phương tiện hồi quyển Trái Đất chứa mẫu vật diễn ra ngay trước khi hạ cánh.

Video được tạo ra với sự đóng góp từ Phòng thí nghiệm Sức đẩy Phản lực của NASA, Trung tâm bay vũ trụ Goddard, Trung tâm bay vũ trụ Marshall và ESA. Thước phim không đề cập tới bộ đôi trực thăng giống Ingenuity với cánh tay robot bổ sung có thể được dùng để thu thập mẫu vật do Perseverance thả xuống đất. Đây là kế hoạch dự phòng NASA có thể tiến hành để thực hiện nhiệm vụ MSR trong trường hợp robot không thể đến gần trạm đổ bộ. Kế hoạch trước đó bao gồm một robot lấy mẫu vật của châu Âu đã bị hủy bỏ.

Theo dự kiến, trạm đổ bộ MSR, tên lửa sao Hỏa và tàu quay quanh quỹ đạo ESA sẽ phóng vào khoảng năm 2028, hạ cánh xuống sao Hỏa năm 2031 và trở về Trái Đất năm 2033.

An Khang (Theo Space)"
https://vnexpress.net/hang-trieu-sam-bien-bo-len-bo-de-trung-4543710.html,Hàng triệu sam biển bò lên bờ đẻ trứng,"Hàng triệu sam biển bò lên bờ đẻ trứng

MỹVào mùa sinh sản, sam biển cái sẽ chọn vị trí trên bãi biển, đào xuống cát ẩm và đẻ trứng với số lượng có thể lên tới 4.000 quả."
https://vnexpress.net/khoi-da-hinh-con-ca-khong-lo-giua-sa-mac-4543584.html,Khối đá hình con cá khổng lồ giữa sa mạc,"Arab SaudiNhiếp ảnh gia Khaled Al Enazi chụp ảnh khối đá hình con cá đồ sộ nằm giữa sa mạc Saudi nóng như thiêu đốt.

Khối đá hình con cá khổng lồ giữa sa mạc Drone quay khối đá hình con cá trên sa mạc ở quận Al-Ula. Video: Khaled Al Enazi

Al Enazi ghi hình khối đá khác thường bằng drone trong lúc quay phim những kho báu khảo cổ ở quận Al-Ula của Arab Saudi, khu vực nổi tiếng với nhiều công trình cổ đại có thể sánh ngang với thành phố Petra của Jordan, CNN hôm 2/12 đưa tin. ""Khi tôi đang quay tư liệu, hình ảnh một ngọn núi đập vào trước mắt tôi, hình dáng của nó gợi nhắc tới một con cá ở trung tâm sa mạc"", Al Enazi kể lại.

Al Enazi nói có thể anh không phải người phát hiện khối đá trước tiên, nhưng thước phim từ trên cao chứng tỏ anh là người đầu tiên chú ý tới hình dáng của nó. Nhà nhiếp ảnh đặt tên cho khối đá là Cá sa mạc.

Trong thước phim do Al Enazi quay hồi tháng 6 năm nay, khối đá trông như một sinh vật biển bơi lội qua nền cát vàng. Cấu trúc giống vây lưng của nó tương tự cá mập nhô lên từ biển sâu để rình mồi. Nhiều người dùng mạng xã hội cho rằng đó là dấu tích của quái vật biển cổ xưa nhưng Al Enazi nhấn mạnh cấu trúc hình thành từ đá sa thạch và chịu tác động từ quá trình phong hóa mài mòn trong thời gian dài.

Bao phủ diện tích gần 22.500 km2, quận Al-Ula có nhiều cảnh quan sa mạc ấn tượng nhất thế giới. Người Nabataean cổ đại xây dựng thành phố chính ở ngay phía bắc thung lũng Al-Ula và chạm khắc những ngôi mộ vào vách đá ở Mada'in Salih, ngày nay là Di sản Thế giới. Một số khối đá ở Al-Ula trông như được chạm khắc bởi con người. Ví dụ, khối đá tên Jabal Al-Fil được biết tới với hình dáng giống con voi.

An Khang (Theo CNN)"
https://vnexpress.net/van-ly-truong-thanh-xanh-tren-sa-mac-trung-quoc-4543602.html,'Vạn Lý Trường Thành xanh' trên sa mạc Trung Quốc,
https://vnexpress.net/sao-bang-sieu-sang-vut-qua-bau-troi-my-4543618.html,Sao băng siêu sáng vụt qua bầu trời Mỹ,"Hơn 700 nhân chứng đã báo cáo nhìn thấy ""cầu lửa"" xuất hiện trên bầu trời phía bắc nước Mỹ vào tối 1/12.

Sao băng siêu sáng vụt qua bầu trời Mỹ Khoảnh khắc cầu lửa rực sáng trên bầu trời Mỹ được ghi bằng camera. Video: Space

Theo Hiệp hội Khí tượng Mỹ (AMS), vệt sáng dài cắt ngang qua bầu trời vào lúc 19h33 ngày 1/12 theo giờ địa phương, tức 7h33 ngày 2/12 theo giờ Hà Nội, và được quan sát thấy bởi ít nhất 731 người dân trên khắp các bang Michigan, Indiana, Ohio, New York, Pennsylvania, Virginia, Maryland, Tennessee, Nam và North Carolina.

Nhiều camera an ninh trước hiên nhà và thiết bị chụp sao băng cũng ghi lại được cảnh tượng ngoạn mục này, khiến chủ nhân của chúng tự hào chia sẻ với AMS cũng như trên các nền tảng mạng xã hội.

""Tôi vừa thấy một sao băng màu cam và xanh lá cây tuyệt đẹp phóng tới Trái Đất ở phía đông Granville, có ai khác nhìn thấy nó ở phía đông Ohio không?"", người dùng Twitter Jeff Gill chia sẻ ngay sau sự kiện.

""Tôi không thường xuyên tweet, nhưng hôm nay là dịp đặc biệt vì tôi đã quay được thiên thạch bốc cháy bằng camera an ninh trước hiên nhà của mình"", Phil Haddad đến từ thành phố Pittsburgh, bang Pennsylvania, phản hồi dòng tweet của Jeff Gill.

Sao băng siêu sáng vụt qua bầu trời Mỹ Một góc nhìn khác về cầu lửa nhìn từ Pittsburgh. Video: Phil Haddad

AMS đã xác nhận vệt sáng bất thường này là một ""cầu lửa"", thuật ngữ chỉ những sao băng đạt cường độ biểu kiến -14 hoặc sáng hơn, tức là sáng hơn gấp đôi so với trăng tròn khi nhìn từ Trái Đất.

Các chuyên gia đến nay vẫn chưa có thêm thông tin về bản chất của tảng đá vũ trụ đã bốc cháy này, cũng như liệu có bất kỳ mảnh vỡ cháy dở nào rơi xuống mặt đất hay không.

Mới cách đây hai tuần, trận mưa sao băng Taurid cũng tạo ra cầu lửa sáng chói trên bầu trời phía tây nam Na Uy. Nó có cường độ rất mạnh và bốc cháy hoàn toàn trong khí quyển.

Đoàn Dương (Theo Space)"
https://vnexpress.net/loai-khung-long-giong-chim-canh-cut-lai-ngong-4543127.html,Loài khủng long giống chim cánh cụt lai ngỗng,"Bộ xương hóa thạch gần như hoàn chỉnh hé lộ khủng long Natovenator polydontus có cơ thể thuôn dài, giúp chúng dễ dàng di chuyển trong nước.

Minh họa cách khủng long Natovenator polydontus bơi và lặn. Ảnh: Yusik Choi

Các nhà khoa học phát hiện loài khủng long giống như lai giữa chim cánh cụt và ngỗng với số lượng răng rất lớn ở hệ tầng Baruungoyot, sa mạc Gobi, phía nam Mông Cổ. Bộ xương hóa thạch gần như hoàn chỉnh được nhóm nghiên cứu của giáo sư Yuong-Nam Lee, nhà cổ sinh vật tại Đại học Quốc gia Seoul, khai quật vào năm 2008. Nghiên cứu mới xuất bản trên tạp chí Communications Biology hôm 1/12.

Bộ xương hóa thạch - gồm hộp sọ, cột sống, một chi trước và hai chi sau - thuộc về loài khủng long sống vào cuối kỷ Phấn trắng, khoảng 66 - 145 triệu năm trước. Lee cho biết, mẫu vật được bảo tồn đặc biệt tốt. Các nhà khoa học đặt tên cho loài vật mới là Natovenator polydontus, nghĩa là ""thợ săn bơi lội có nhiều răng"".

Natovenator polydontus trông rất giống các loài chim lặn ngày nay, ví dụ chim cánh cụt. Tuy nhiên, chúng lại là loài bò sát chứ không phải chim. Chúng thuộc nhóm khủng long chân thú - những kẻ ăn thịt đi bằng hai chân. Khủng long bạo chúa T-rex cũng thuộc nhóm này.

Đáng chú ý, đây là khủng long chân thú đầu tiên được phát hiện có cơ thể thuôn dài. Như vậy, chúng vừa có thể đi bộ trên cạn, vừa di chuyển dễ dàng trong nước. Hình dạng cơ thể này giúp nhóm chuyên gia hiểu thêm nhiều điều về cách sống và săn mồi của chúng.

Dựa trên hình dạng và sự tương đồng của Natovenator polydontus với các loài chim lặn hiện đại, nhóm nghiên cứu tin rằng chúng là động vật săn mồi bán thủy sinh. ""Việc phát hiện khủng long bán thủy sinh cho thấy sự đa dạng sinh thái của khủng long rất cao. Điều này có thể làm thay đổi định kiến về lối sống của khủng long"", Lee nói.

Loài khủng long mới phát hiện có xương sườn hướng về phía đuôi và chiếc cổ dài tương tự ngỗng hiện đại. Hai đặc điểm này sẽ cho phép chúng lao nhanh xuống nước, vươn cổ lên để bắt mồi.

Hệ tầng Baruungoyot cấu tạo chủ yếu từ trầm tích lòng sông. Dựa vào đó, các nhà khoa học xác định rằng loài vật mới phát hiện sống trong môi trường nước ngọt thay vì gần biển.

Chúng cũng có số lượng răng cao bất thường so với hàm. Điều này cho thấy chúng có thể ăn cá. Động vật ăn cá thường sở hữu những chiếc răng nhỏ, nhọn, để kẹp và giữ cá trước khi nuốt. Tuy nhiên, cũng có thể chúng ăn côn trùng. Các nhà cổ sinh vật sẽ phải phân tích một số hóa thạch sót lại trong dạ dày để hiểu thêm về chế độ ăn.

Bộ xương hóa thạch gần như hoàn chỉnh của Natovenator polydontus có thể cung cấp thêm thông tin về sự tiến hóa của nhóm khủng long chân thú. ""Cơ thể thuôn dài mang lại lợi thế thủy động lực học khi bơi, hình thái xương sườn đặc biệt cũng cho thấy chúng giỏi bơi lội. Điều này cung cấp bằng chứng thuyết phục đầu tiên về cơ thể mang tính động lực học ở một loài khủng long chân thú không phải chim"", nhóm nghiên cứu viết.

""Phát hiện mới cũng cho thấy các loài khủng long chân thú không phải chim có hình dáng cơ thể đa dạng. Ngoài ra, Natovenator polydontus giúp chúng tôi hiểu rõ hơn cấu trúc cơ thể của chi khủng long Halszkaraptorines vì chúng có nhiều đặc điểm chung"", nhóm nghiên cứu bổ sung.

Thu Thảo (Theo Newsweek)"
https://vnexpress.net/ung-dung-cua-hieu-ung-la-sen-trong-khoa-hoc-vat-lieu-4543136.html,Ứng dụng của hiệu ứng lá sen trong khoa học vật liệu,"Ứng dụng của hiệu ứng lá sen trong khoa học vật liệu

Khả năng tự làm sạch của lá sen là nguồn cảm hứng cho nhiều sáng chế từ sơn chống bám bẩn đến lớp phủ bảo vệ bộ đồ vũ trụ."
https://vnexpress.net/cu-sut-phat-huyen-thoai-trong-lich-su-bong-da-4543527.html,Cú sút phạt huyền thoại trong lịch sử World Cup,"Cú sút phạt huyền thoại trong lịch sử bóng đá

Hiệu ứng Magnus có thể khiến quả bóng bẻ hướng bất ngờ giữa không trung, tạo ra pha ghi bàn tưởng chừng bất khả thi."
https://vnexpress.net/loai-nam-gia-chet-de-du-do-ruoi-4541706.html,Loài nấm giả chết để dụ dỗ ruồi,"Loài nấm giả chết để dụ dỗ ruồi

Nấm lồng đỏ tiết ra một chất nhầy bốc mùi như xác thối, thu hút ruồi kéo đến và giúp nấm phân tán các bào tử để sinh sản."
https://vnexpress.net/cay-chip-vao-nao-giup-nguoi-bi-liet-di-lai-4543128.html,Cấy chip vào não giúp người bị liệt đi lại,"MỹCông ty Neuralink của Elon Musk sẽ thử nghiệm chip máy tính có thể người mù nhìn được và người bị liệt di chuyển.

Neuralink tập trung vào phát triển chip máy tính có thể cấy vào não người. Ảnh: Neuralink

Neuralink, công ty khởi nghiệp do tỷ phú Mỹ Elon Musk thành lập để kết nối trí não con người với máy tính, thông báo bước tiến mới hôm 30/11 ở hai lĩnh vực y tế là giúp người mù nhìn được và người bị thương ở cột sống đi lại hoặc sử dụng tay, theo Cnet. Neuralink đang phát triển công nghệ để xếp hàng nghìn điện cực mỏng hơn sợi tóc người lên bề mặt bộ não. Mỗi điện cực là một dây điện nhỏ nối với con chip hoạt động bằng pin và sạc từ xa gắn ở một điểm trên hộp sọ. Con chip có tên N1 sẽ liên lạc không dây với thế giới bên ngoài.

Công nghệ trên vẫn cần trải qua chặng đường dài trước khi ứng dụng y học và cuối cùng là giao tiếp với trí tuệ nhân tạo (AI) siêu thông minh. Nhưng Neuralink đã đạt nhiều bước tiến, bao gồm xin giấy phép từ Cục Quản lý Thực phẩm và Dược phẩm (FDA) để bắt đầu thử nghiệm ở người trong vòng 6 tháng tới.

Trước đây, Neuralink từng chứng minh các điện cực có thể lắng nghe hoạt động bộ não. Bằng cách thu tín hiệu não từ con khỉ tên Pager chơi video game, những máy tính Neuralink học được cách giải nghĩa tín hiệu điều khiển vận động. Sau đó, con khỉ có thể điều khiển trò chơi thông qua tín hiệu não. Tại sự kiện mới nhất của Neuralink, công ty để con khỉ tên Sake sử dụng trí óc để làm theo các gợi ý và gõ lên bàn phím ảo. Thiết bị cấy ghép sạc không dây với con khỉ ngồi bên dưới bộ sạc gắn vào nhánh cây phía trên đầu.

Một thí nghiệm sử dụng điện cực ở tủy sống lợn để điều khiển những chuyển động chân khác nhau, công nghệ có thể giúp những người bị liệt tứ chi đi lại hoặc sử dụng tay. Phương pháp của Neuralink không chỉ bao gồm chặn lệnh chuyển động của bộ não và chuyển hướng tới chân mà còn nghe tín hiệu cảm giác từ các chi và truyền trở lại bộ não để bộ não biết điều gì đang xảy ra.

Một thí nghiệm khác đưa dữ liệu hình ảnh quay bằng camera vào vỏ não thị giác của khỉ, cho con vật thấy những tia sáng ảo khiến nó nghĩ bản thân đang ở các nơi khác nhau. Đó là công nghệ Neuralink hy vọng có thể giúp người mù nhìn thấy nhiều hình ảnh.

Công nghệ Neuralink thế hệ đầu sử dụng 1024 điện cực, nhưng công ty giới thiệu mô hình thế hệ tiếp theo với hơn 16.000 điện cực, giúp tăng đáng kể độ chính xác của hình ảnh mà người mù có thể nhìn thấy, theo nhà nghiên cứu Dan Adams.

Neuralink không phải công ty duy nhất theo đuổi công nghệ giao diện bộ não - máy móc (BMI) hoặc bộ não - máy tính (BCI). Các công ty khởi nghiệp cũng phát triển công nghệ này là BlackRock Neurotech, Precision Neuroscience, Synchron Medical và Paradromics. Synchron bắt đầu thử nghiệm trên người vào tháng 4 với 6 bệnh nhân, sử dụng một thiết bị giúp đỡ người bị liệt.

Theo Musk, công ty Neuralink sẽ sản xuất hàng triệu chip não và bản thân ông cũng sẽ cấy một con chip. Để đạt mục tiêu, công ty đang tìm cách tự động hóa công nghệ hết mức có thể. Robot R1 của công ty sẽ xâu các điện cực vào bộ não mà không gây tổn thương mạch máu. Thế hệ máy móc tiếp theo được thiết kế để xử lý những ca phẫu thuật phức tạp hơn, bao gồm cắt xuyên qua bộ não.

An Khang (Theo Cnet)"
https://vnexpress.net/kinh-james-webb-chup-anh-thien-ha-va-cham-du-doi-4543139.html,Kính James Webb chụp ảnh thiên hà va chạm dữ dội,"NASA hôm 1/12 công bố một bức ảnh chụp tuyệt đẹp về sự kiện va chạm thiên hà ZW II 96 ở cách xa khoảng 500 triệu năm ánh sáng.

Hệ thống thiên hà ZW II 96 chụp bởi kính viễn vọng James Webb. Ảnh: NASA/ESA/CSA

Là một phần của chòm sao Hải Đồn, cặp thiên hà ZW II 96 đang trong quá trình hợp nhất và vô cùng hỗn loạn, với các vùng hình thành sao giống như sợi dây phát sáng liên kết lõi của hai thiên hà, trong khi các nhánh xoắn ốc của thiên hà nhỏ hơn bị biến dạng do nhiễu loạn hấp dẫn.

""Chính sự hiện diện những vùng hình thành sao đã khiến ZW II 96 trở thành mục tiêu hấp dẫn của kính viễn vọng không gian James Webb"", NASA cho biết trong một tuyên bố vào 1/12.

Trong quan sát mới, Webb sử dụng hai công cụ NIRCam và MIRI để ghi lại vụ va chạm dữ dội này ở bước sóng hồng ngoại, mang đến cái nhìn chi tiết và rực rỡ chưa từng có.

ZW II 96 chụp bởi kính viễn vọng Hubble vào năm 2008. Ảnh: NASA/ESA

Theo NASA, do sự ""bùng nổ sao trẻ"", hệ thống ZW II 96 đặc biệt phát sáng ở bước sóng hồng ngoại, với độ sáng gấp hơn 100 tỷ lần so với Mặt Trời.

Ngay sau khi Webb được phóng lên, các nhà thiên văn học từ khắp nơi trên thế giới đã đề xuất nghiên cứu những hệ sinh thái thiên hà phức tạp, bao gồm cả sự kiện hợp nhất thiên hà như ZW II 96.

Với độ nhạy gấp 100 lần kính viễn vọng Hubble và khả năng ""nhìn ngược quá khứ"", Webb hứa hẹn sẽ làm sáng tỏ các chi tiết của môi trường thiên hà phức tạp và cung cấp cái nhìn sâu sắc về vũ trụ xa xôi.

Đoàn Dương (Theo NASA/Sci-News)"
https://vnexpress.net/tp-thu-duc-nen-lap-quy-ho-tro-sang-tao-thanh-thieu-nien-4543521.html,'TP Thủ Đức nên lập quỹ hỗ trợ sáng tạo thanh thiếu niên',"TP HCMÔng Trần Đức Sự, Phó giám đốc Trung tâm phát triển khoa học và công nghệ trẻ (TST) gợi ý TP Thủ Đức thí điểm lập quỹ để huy động nguồn lực hỗ trợ sáng kiến của thanh thiếu niên.

Ý kiến được ông Trần Đức Sự nêu tại hội nghị giải pháp cho hoạt động đổi mới sáng tạo cộng đồng do Thành đoàn TP HCM phối hợp UBND TP Thủ Đức tổ chức chiều 2/12. Theo ông Sự, hàng năm thông qua các hoạt động, sân chơi về đổi mới sáng tạo, nghiên cứu khoa học, giới trẻ TP HCM có hơn 250.000 ý tưởng, sản phẩm công nghệ. Trong số này, nhiều sản phẩm có thể ứng dụng thực tế. Ông lấy dẫn chứng trong đợt Covid-19 các sản phẩm về dung dịch khử khuẩn, máy rửa tay tự động... do thanh niên sản xuất được ứng dụng trong công tác chống dịch.

Ông Trần Đức Sự chia sẻ về vai trò quỹ hỗ trợ đổi mới sáng tạo thanh thiếu niên tại hội nghị, chiều 2/12. Ảnh: Hà An

Ông Sự nhận định, các nghiên cứu của giới trẻ TP HCM so với các bạn đồng trang lứa trên thế giới là không thua kém. Tuy nhiên, cơ chế chính sách hỗ trợ cho các nghiên cứu này hiện khá hạn chế, đặc biệt là vấn đề đầu ra sản phẩm. Theo đó ông đề xuất lập quỹ hỗ trợ đổi mới sáng tạo thanh thiếu niên. Quỹ này hoạt động theo cơ chế hỗ trợ trực tiếp, giải ngân nhanh, kịp thời cho các ý tưởng được hiện thực thành sản phẩm và có tính mạo hiểm. ""Ý tưởng có thể thất bại nhưng có thể hỗ trợ bạn trẻ tạo ra sản phẩm cụ thể thì rất cần thiết"", ông Sự nói.

Theo ông, TP Thủ Đức là đơn vị hành chính cấp huyện duy nhất của TP HCM có phòng khoa học công nghệ, cùng gần 400 cơ sở giáo dục trong đó khu vực tư nhân chiếm hơn một nửa là rất thuận lợi để hiện thực hóa việc này. Tuy nhiên, ông cho rằng, nếu quỹ vận hành theo cơ chế ngân sách thì rất khó cho việc hỗ trợ nhanh chóng, kịp thời cho thanh niên. Thay vào đó TP Thủ Đức cần lập đơn vị sự nghiệp trực thuộc Phòng khoa học công nghệ để có cơ chế tiếp nhận tài trợ, hợp tác doanh nghiệp, hay các phương thức huy động nguồn lực khác để hỗ trợ thanh thiếu niên về vốn và các hoạt động đổi mới sáng tạo, khởi nghiệp. ""Hoạt động sáng tạo cần gắn với nhu cầu doanh nghiệp theo cơ chế đặt hàng để sản phẩm được ứng dụng thực tế và có đầu ra"", ông nói.

Máy bay không người lái của sinh viên Đại học Sư phạm Kỹ thuật TP HCM giới thiệu tại Liên hoan tuổi trẻ sáng tạo hồi tháng 11. Ảnh: Hà An

Đồng tình, PGS.TS Phan Thị Hồng Xuân, Chủ tịch Hội hữu nghị Việt Nam - Đông Nam Á TP HCM, dẫn chứng bài học của Singapore. Từ năm 1991 quốc gia này đã xây dựng kế hoạch 5 năm về đổi mới sáng tạo, trong đó có việc lập quỹ nghiên cứu quốc gia để hỗ trợ nhân tài phát triển ý tưởng sáng tạo. Nguồn quỹ này lúc đầu chỉ 2 tỷ đôla Singapore, sau tăng lên 25 tỷ. PGS Xuân cho rằng, nhà nước cần có chính sách trung và dài hại cùng với việc sử dụng quỹ để tăng cường hoạt động kết nối giữa đơn vị nghiên cứu, doanh nghiệp, cộng đồng để xây dựng nền văn hóa sáng tạo với sản phẩm công nghệ phục vụ phát triển kinh tế, xã hội.

Ông Nguyễn Trần Phú Thịnh, Trưởng phòng khoa học công nghệ TP Thủ Đức ghi nhận các ý kiến đóng góp của chuyên gia giúp địa phương có được những giải pháp, cách làm mới cho hoạt động đổi mới sáng tạo trong cộng đồng. Ông cho biết, thời gian tới, địa phương sẽ phối hợp với một số đơn vị mạnh dạn thí điểm ứng dụng công nghệ mới phục vụ chuyển đổi số trong giao thông, y tế, môi trường... Cùng với đó, địa phương tổ chức các hoạt động gắn kết hệ sinh thái kết nối viện trường và doanh nghiệp tạo điều kiện để sinh viên thực tập doanh nghiệp, thúc đẩy sáng tạo trong giới trẻ.

Hà An"
https://vnexpress.net/cong-bo-bao-cao-he-sinh-thai-doi-moi-sang-tao-mo-viet-nam-2022-4541775.html,Công bố báo cáo hệ sinh thái Đổi mới sáng tạo mở Việt Nam 2022,"Báo cáo tổng hợp nghiên cứu từ hơn 60 chuyên gia kinh tế hàng đầu, đưa ra bức tranh toàn cảnh về hệ sinh thái đổi mới sáng tạo các quốc gia và bản đồ khởi nghiệp tại Việt Nam.

Báo cáo ""Hệ sinh thái Đổi mới sáng tạo mở Việt Nam 2022"" được công bố trong Diễn đàn Đổi mới sáng tạo mở lần 2, thuộc khuôn khổ Ngày hội Khởi nghiệp sáng tạo Quốc gia Techfest 2022 tại Bình Dương, chiều 2/12. Ấn phẩm do Nền tảng kết nối đổi mới sáng tạo BambuUP xây dựng giới thiệu, bảo trợ bởi Cục Phát triển thị trường và Doanh nghiệp khoa học công nghệ (Bộ Khoa học và Công nghệ) và Trung tâm Hỗ trợ khởi nghiệp sáng tạo quốc gia (NSSC).

Báo cáo được xây dựng dựa trên nghiên cứu, phân tích từ hội đồng cố vấn hơn 60 chuyên gia hàng đầu trong các lĩnh vực kinh tế trong và ngoài nước, cho thấy bức tranh toàn cảnh về hệ sinh thái đổi mới sáng tạo của các quốc gia và thực trạng khởi nghiệp tại Việt Nam. Với độ dày 256 gồm 8 phần, trình bày ba ngôn ngữ Việt, Anh và Hàn Quốc.

Báo cáo Hệ sinh thái Đổi mới sáng tạo mở Việt Nam 2022. Ảnh: BambuUP

Báo cáo chỉ ra xu hướng đổi mới, khắc họa bức tranh đổi mới sáng tạo mở tại Việt Nam với những đặc điểm hệ sinh thái cùng phân tích thị trường đầu tư công nghệ.

Các phân tích cho thấy, hệ sinh thái khởi nghiệp toàn cầu sụt giảm rõ rệt về cả lượng đầu tư mạo hiểm lẫn số lượng kỳ lân mới. Tuy nhiên có thể kỳ vọng vào tiềm năng và sự ổn định của các công ty khởi nghiệp. Các quốc gia đứng đầu hệ sinh thái khởi nghiệp khu vực châu Á- Thái Bình Dương 2022 thuộc về Singapore, Australia và Trung Quốc. Việt Nam được xếp là quốc gia có mức tăng trưởng nhanh và trên đà phát triển (theo số liệu xếp hạng từ Starup Blink).

Báo cáo 2022 có nhiều điểm mới, cung cấp chuyên sâu và đa chiều về thực trạng khởi nghiệp và đổi mới sáng tạo tại Việt Nam theo các lĩnh vực và nhóm ngành kinh tế. Bên cạnh bức tranh kinh doanh, báo cáo nêu bật xu hướng đổi mới sáng tạo và khởi nghiệp trong 5 lĩnh vực trọng điểm gồm công nghệ sản xuất thông minh, công nghệ tài chính và bảo hiểm, công nghệ nông nghiệp và thực phẩm, tiếp thị và bán hàng, công nghệ Blockchain, Web3 và vũ trụ ảo Metaverse. Đây cũng là lần đầu tiên báo cáo khảo sát đánh giá mức độ sẵn sàng của hệ sinh thái đổi mới sáng tạo mở theo tỉnh thành.

Bên cạnh tạo ""bản đồ khởi nghiệp"" ở các lĩnh vực, báo cáo còn tổng hợp những câu chuyện điển hình, công bố những đề bài, thách thức của doanh nghiệp và tập đoàn lớn để mời gọi sáng kiến công nghệ, từ các công ty khởi nghiệp.

Các dữ liệu cho thấy mức độ đổi mới, quan tâm và đầu tư ứng dụng theo từng xu hướng công nghệ hàng đầu. Như trong 14 xu hướng, ứng dụng AI được ghi nhận là công nghệ có mức đổi mới cao nhất, trong khi công nghệ năng lượng sạch thu hút sự quan tâm nhất. Các chuyên gia cũng ước tính giá trị thị trường các công nghệ tiên phong được dự đoán tăng trưởng tới hơn 3,2 nghìn tỷ USD vào năm 2025.

Ông Phạm Hồng Quất, Cục trưởng Cục phát triển thị trường và doanh nghiệp khoa học công nghệ (Bộ Khoa học và Công nghệ) kỳ vọng báo cáo góp phần xây dựng hệ thống đổi mới sáng tạo quốc gia có liên kết chặt chẽ với khu vực và thế giới, phát triển hệ thống các trung tâm đổi mới sáng tạo quốc gia - ngành - vùng và trung tâm hỗ trợ khởi nghiệp, hình thành cụm liên kết với khu công nghệ cao, viện trường nhằm thu hút nguồn lực đầu tư trong nước và quốc tế.

Báo cáo Hệ sinh thái Đổi mới sáng tạo Mở Việt Nam 2022 được khởi động từ tháng 9. Đây là năm thứ hai Báo cáo được xây dựng. Trước đó, báo cáo năm 2021 với độ dày hơn 250 trang đã đánh giá về bản đồ hệ sinh thái đổi mới sáng tạo, chỉ ra các xu hướng đổi mới sáng tạo trong giai đoạn bình thường mới, đồng thời giới thiệu mô hình đổi mới sáng tạo mở tiềm năng từ startup Việt tiêu biểu trong các lĩnh vực trọng điểm.

Như Quỳnh"
https://vnexpress.net/bat-dau-nhan-ho-so-sang-kien-khoa-hoc-2023-4542993.html,Bắt đầu nhận hồ sơ Sáng kiến khoa học 2023,"Cuộc thi Sáng kiến Khoa học mùa 2 do VnExpress tổ chức dành cho các nhà khoa học trẻ bắt đầu mở cổng đăng ký nhận hồ sơ dự thi.

Với mong muốn tìm kiếm và thúc đẩy các giải pháp, sản phẩm xuất sắc giải quyết các vấn đề trong cuộc sống và vùng sâu, xa, miền núi, VnExpress tạo sân chơi cho những người yêu khoa học, công nghệ; hướng tới các nhà khoa học chuyên và không chuyên, tuổi dưới 40.

Đây là năm thứ 2 cuộc thi Sáng kiến Khoa học (Creative Science Contest) được tổ chức, kỳ vọng khuyến khích phong trào nghiên cứu khoa học, tạo động lực cho việc phát triển, ứng dụng các sáng kiến phục vụ đời sống.

Cuộc thi với 4 giai đoạn: Vòng nhận hồ sơ, sơ loại, chung kết và lễ trao giải. Các dự án được tham gia ở các lĩnh vực bao gồm: y sinh - hóa sinh, công nghệ, nông nghiệp, môi trường và vật liệu mới. Vòng nhận hồ sơ sẽ kết thúc vào ngày 2/3/2023.

Năm nay, tổng giá trị giải thưởng được nâng lên 300 triệu đồng cho các giải đặc biệt, nhất, nhì, ba, khuyến khích. Trong đó, cuộc thi có thêm hạng mục thu hút các sáng kiến áp dụng cho vùng sâu, vùng xa, miền núi.

Thứ trưởng Bùi Thế Duy (thứ 8 từ trái qua) chụp ảnh cùng đại diện Ban tổ chức, Ban giám khảo và các tác giả 7 sáng kiến được giải mùa 1. Ảnh: Tùng Đinh

Mùa 1 cuộc thi Sáng kiến Khoa học đã chứng kiến sự thành công và phát triển của các dự án được trao giải. PGS.TS Nguyễn Đình Quân, Đại học bách khoa (Đại học quốc gia TP HCM), trưởng nhóm nghiên cứu Sản phẩm Deep Signature, cho biết, sau khi nhận giải, nhóm được hàng chục công ty sản xuất liên hệ để tìm hiểu giải pháp, thảo luận hợp tác, và đưa các đề bài thực tế thị trường nhằm hoàn thiện hơn nữa sáng chế của Deep Signature. Sản phẩm của nhóm ứng dụng công nghệ blockchain vào giải pháp chống hàng giả. ""Nhóm nhận được lời mời của Đại học Leipzig trong khuôn khổ giải thưởng International Innovator Award 2022 tài trợ một chuyến đi sang CHLB Đức trong năm 2023 để giới thiệu và quảng bá thuật toán blockchain Deep Signature trong xây dựng thương hiệu cho các doanh nghiệp Đức"", PGS Quân chia sẻ.

Ông cho biết, từ trao đổi thực tế với các doanh nghiệp sản xuất, Deep Signature đã hoàn thiện bộ công cụ cho phép bất kỳ doanh nghiệp hay cá nhân có thể tạo và tự in hàng ngàn mã chống hàng giả cho sản phẩm của mình với chi phí rẻ hơn nhiều lần những giải pháp hiện nay trên thị trường.

PGS.TS Nguyễn Đình Quân nhận nhiều lời mời chia sẻ về sản phẩm Deep Signature sau thành công từ cuộc thi Sáng kiến Khoa học 2022. Ảnh: NVCC

TS Hồ Thị Oanh, Viện hóa học, Viện Hàn lâm Khoa học và Công nghệ Việt Nam, thành viên nhóm nghiên cứu đoạt giải Nhất mùa 1 với giải pháp chiết tách thành công lycopen từ gấc, ghi nhận cuộc thi Sáng kiến Khoa học của VnExpress là niềm khích lệ lớn đối với những nhà khoa học trẻ giống như cô. Cuộc thi đã giúp nhóm đạt nhiều thành công về mặt truyền thông. ""Nhóm liên tiếp nhận được lời mời, kết nối từ các doanh nghiệp, đơn vị phát triển mỹ phẩm, cuộc thi đã giúp giải pháp của Viện được nhiều người biết đến"", TS Oanh cho biết.

Trong 7 sáng kiến được trao thưởng, giải đặc biệt 100 triệu đồng thuộc về công nghệ vệ tinh được nhóm tác giả Đồng Quang Hồng (Khánh Hòa) ứng dụng trong thiết bị phao dò cá. Sản phẩm được nhóm tác giả nghiên cứu với mục đích hỗ trợ ngư dân tăng năng suất đánh bắt cá, giảm bớt chi phí đi lại khi sử dụng chà truyền thống.

Anh Đồng Quang Hồng đánh giá cao về chuyên môn của Ban giám khảo lẫn cách thức tổ chức chuyên nghiệp tại lễ trao giải. Anh Hồng chia sẻ sau cuộc thi họ chưa có nhiều đơn hàng mới do các nguyên nhân khách quan từ thực tế như giá xăng dầu tăng, có thời điểm người dân hạn chế đi biển. Song anh cho biết nhóm tiếp tục nỗ lực hoàn thiện hơn sản phẩm và đợi thời gian tới để triển khai. ""Chúng tôi sẽ cố gắng để thương mại sản phẩm tốt hơn nữa và rất mong nếu có ý tưởng, sản phẩm mới nào chắc chắn sẽ tham gia tiếp"", anh cho hay.

Những người yêu khoa học, các nhà nghiên cứu có thể gửi hồ sơ về ý tưởng, sản phẩm tại đây.

Yêu cầu giải pháp/sản phẩm dự thi được mô tả bằng văn bản và video (giới thiệu công trình), trong đó có tính mới, sáng tạo, hiệu quả kinh tế và khả năng áp dụng thực tế. Tác giả được giải sẽ nhận phần thưởng là tiền mặt và các lợi ích khác như cơ hội được truyền thông trên các nền tảng của Báo điện tử VnExpress, được kết nối tới các đối tác quan tâm để phát triển, hoàn thiện, kinh doanh sản phẩm.

Như Quỳnh"
https://vnexpress.net/hoa-thach-76-5-trieu-nam-tiet-lo-to-tien-cua-t-rex-4543306.html,"Hóa thạch 76,5 triệu năm tiết lộ tổ tiên của T-rex","Các nhà khoa học đã phát hiện ra một loài khủng long ăn thịt chưa từng được biết tới, có thể là tổ tiên của khủng long bạo chúa.

Mô phỏng loài khủng long ăn thịt mới có thể là tổ tiên của T-rex. Ảnh: BDM

Theo nghiên cứu xuất bản trên tạp chí Paleontology and Evolutionary Science vào cuối tháng 11, loài khủng long mới được đặt tên là Daspletosaurus wilsoni có thể dài từ 8 đến 10 m. Hóa thạch 76,5 triệu năm tuổi của sinh vật - bao gồm các mảnh hộp sọ, xương sườn và xương ngón chân - được các nhà cổ sinh vật học từ Bảo tàng Khủng long Badlands (BDM) tìm thấy tại hệ tầng sông Judith ở phía đông bắc bang Montana của Mỹ từ năm 2017 đến 2021, nhưng đến nay mới được phân tích chi tiết.

Ban đầu, nhóm nghiên cứu tình cờ phát hiện ra hóa thạch sau khi thành viên Jack Wilson nhìn thấy một mảnh xương phẳng nhỏ - sau này hóa ra là một phần lỗ mũi của con khủng long - nhô ra từ đáy vách đá. Tuy nhiên, việc khai quật mẫu vật gặp rất nhiều khó khăn vì nó bị vùi lớp dưới một lớp đá rắn dày tới 8 m. Wilson cùng các đồng nghiệp đã phải tỉ mỉ đục những phần lớn của vách đá bằng búa khoan trước khi họ có thể bắt đầu thu thập từng mảnh xương.

Phục dựng khuôn mặt Daspletosaurus wilsoni dựa trên các mảnh xương sọ. Ảnh: BDM

Daspletosaurus wilsoni được cho là hậu duệ của Daspletosaurus torosus và tiền thân của Daspletosaurus horneri. Cả ba loài đều thuộc họ Bạo long (Tyrannosauridae), trong đó có loài khủng long bạo chúa T-rex khét tiếng.

Phân tích giải phẫu cho thấy Daspletosaurus wilsoni là sự kết hợp giữa các đặc điểm được tìm thấy ở những loài bạo long nguyên thủy hơn, chẳng hạn như sừng có mấu nhọn xung quanh mắt, cũng như các đặc điểm ở những loài bạo long sau này như T-rex với một hốc mắt cao và túi khí mở rộng trong hộp sọ. Điều đó tiết lộ chi Daspletosaurus có thể là tổ tiên của khủng long bạo chúa.

""Daspletosaurus wilsoni chính là mối liên kết còn thiếu giữa các loài bạo long xuất hiện sớm hơn và muộn hơn"", các tác giả nhấn mạnh trong nghiên cứu. ""Bây giờ, chúng ta có thể thấy rằng nhiều loài trong số này thực sự tách biệt rất rõ ràng về thời gian và tạo thành các bậc thang liên tiếp trong một dòng dõi tiến hóa duy nhất, nơi một loài tổ tiên tiến hóa trực tiếp thành một loài hậu duệ"".

Đoàn Dương (Theo CNET/Live Science)"
https://vnexpress.net/nhung-san-pham-cong-nghe-gioi-thieu-tai-techfest-vietnam-2022-4543273.html,Những sản phẩm công nghệ giới thiệu tại Techfest Vietnam 2022,"Sáng 2/12, Bộ Khoa học và Công nghệ phối hợp UBND tỉnh Bình Dương khai mạc triển lãm Techfest Vietnam tại TP Thủ Dầu Một. Đây là một trong những sự kiện khởi đầu cho ngày hội Techfest Vietnam 2022.

Thứ trưởng Khoa học Công nghệ Trần Văn Tùng (thứ hai từ bên phải qua) thăm quan một gian hàng tại buổi khai mạc triển lãm."
https://vnexpress.net/giai-thuong-trieu-do-vinfuture-2022-sap-co-chu-4543297.html,Giải thưởng triệu đô VinFuture 2022 sắp có chủ,"Giải VinFuture 2022 vinh danh 4 công trình khoa học giúp hồi sinh và tái thiết đời sống của hàng triệu người trong và sau đại dịch, trao giải ngày 20/12 tại Hà Nội.

Với chủ đề ""Hồi sinh và Tái thiết"", VinFuture mùa 2 tìm kiếm và vinh danh các công trình khoa học - công nghệ có tác động tích cực trong và sau đại dịch giúp phát triển bền vững đời sống của hàng triệu người trên khắp hành tinh.

Theo Ban tổ chức, VinFuture 2022 vượt trội cả về số lượng và chất lượng, với gần 1.000 dự án đến từ 71 quốc gia trên 6 châu lục được đề cử (tăng gần gấp đôi so với con số 599 đề cử nhận được năm 2021). Trong đó, 584 dự án được đề cử bởi top 2% các nhà khoa học được trích dẫn nhiều nhất thế giới. Đây là những phát minh, sáng chế kiệt xuất ở các lĩnh vực sức khỏe, lương thực, môi trường và năng lượng bền vững cùng với nhiều công nghệ ứng dụng khác trong mọi mặt của đời sống.

Các dự án đã trải qua quy trình xét duyệt nhiều vòng bởi 12 thành viên Hội đồng Sơ khảo và 12 thành viên Hội đồng Giải thưởng, gồm các nhà khoa học có tầm ảnh hưởng lớn trong giới học thuật, nghiên cứu và đổi mới sáng tạo trên toàn cầu.

GS Sir Richard Henry Friend, Chủ tịch Hội đồng Giải thưởng VinFuture, chia sẻ: ""Giải thưởng VinFuture 2022 tôn vinh những đổi mới kiệt xuất, đột phá về khoa học công nghệ đã và đang tái thiết lại cuộc sống trên toàn thế giới sau đại dịch, giúp chúng ta thấy rõ vai trò hàn gắn của khoa học và công nghệ trong đời sống thực tế"". GS Henry Friend là chủ nhân giải thưởng công nghệ thiên niên kỷ, Millennium Technology Prize 2010.

Thủ tướng Phạm Minh Chính (thứ hai từ phải sang) trao giải thưởng chính cho ba nhà khoa học giải thưởng VinFuture 2021. Ảnh: Giang Huy

Cùng với Lễ trao giải là Tuần lễ Khoa học - Công nghệ với các hoạt động học thuật, truyền cảm hứng dành cho cộng đồng nghiên cứu khoa học, lãnh đạo doanh nghiệp khởi nghiệp trong nước và quốc tế. Tuần lễ diễn ra từ ngày 17 đến 21/12 với các hoạt động như giao lưu cùng Hội đồng Giải thưởng và Hội đồng Sơ khảo VinFuture, diễn thuyết truyền cảm hứng ""Đổi mới hiện tại, kiến tạo tương lai"" cùng tọa đàm ""Khoa học vì cuộc sống"", sau cùng là chương trình ""Chào tương lai: Giao lưu cùng chủ nhân giải thưởng VinFuture"".

Mở màn cho tuần lễ Khoa học - Công nghệ từ ngày 6-11/12, Quỹ VinFuture mang đến cho công chúng Tuần lễ phim Khoa học Công nghệ quốc tế VinFuture. Những bộ phim khoa học xuất sắc của Hollywood từng dành được các giải thưởng điện ảnh quốc tế uy tín, sẽ được trình chiếu tại nhiều cụm rạp CGV với mục đích truyền cảm hứng và lan tỏa tình yêu khoa học đến nhiều thế hệ người yêu phim.

Giải thưởng VinFuture vinh danh những thành tựu khoa học công nghệ và phát minh có tiềm năng tạo ra sự thay đổi có ý nghĩa trên quy mô toàn cầu, mang lại cuộc sống tốt đẹp cho hàng triệu người trên khắp hành tinh. Giải chính (VinFuture Grand Prize) trị giá 3 triệu USD. Ba giải đặc biệt mỗi giải 500.000 USD, dành cho nhà khoa học nữ, nhà khoa học đến từ nước đang phát triển và nhà khoa học nghiên cứu các lĩnh vực mới.

Trong mùa đầu tiên, đã có 599 đề cử được gửi đến từ 70 quốc gia. Trong số này có 4 công trình có tính ứng dụng cao, tạo ra thay đổi tích cực cho cuộc sống của hàng triệu người trên thế giới được vinh danh.

Như Quỳnh"
https://vnexpress.net/tuyen-duong-sat-cao-toc-921-km-chay-xuyen-vung-lanh-40-do-4543137.html,Tuyến đường sắt cao tốc 921 km chạy xuyên vùng lạnh -40 độ,"Tuyến đường sắt cao tốc 921 km chạy xuyên vùng lạnh -40 độ

Trung QuốcTuyến đường sắt Cáp Nhĩ Tân - Đại Liên với tốc độ thiết kế 300 km/h trang bị những hệ thống đặc biệt để hoạt động khi tuyết rơi."
https://vnexpress.net/tau-nasa-sap-tro-ve-trai-dat-tu-mat-trang-4543121.html,Tàu NASA sắp trở về Trái Đất từ Mặt Trăng,"Tàu vũ trụ Orion của NASA sẽ bay sát Mặt Trăng lần cuối trước khi bắt đầu hành trình trở về Trái Đất đầu tháng 12.

Tàu Orion chuẩn bị trở về Trái Đất. Ảnh: NASA

Sau khi trải qua 15 ngày bay vào không gian sâu và vòng quanh Mặt Trăng, tàu Orion đốt động cơ trong khoảng 1 phút 45 giây vào chiều ngày 1/12 để thoát khỏi quỹ đạo hiện nay. Theo dự kiến, con tàu sẽ bay thêm một vòng nữa quanh Mặt Trăng. Trong lần bay qua cuối cùng này, tàu Orion sẽ cách bề mặt Mặt Trăng 128,7 km vào sáng ngày 5/12, cung cấp hình ảnh quan sát của nhiều khu vực đáng chú ý bao gồm vùng dung nham mà các phi hành gia Apollo từng khám phá. Tiếp đó, con tàu sẽ khai hỏa động cơ để bắt đầu hành trình trở về Trái Đất.

Tàu vũ trụ Orion sẽ hạ cánh xuống biển Thái Bình Dương ngoài khơi San Diego hôm 11/12, đánh dấu kết thúc nhiệm vụ Artemis I. Mục tiêu chung của nhiệm vụ Artemis I là kiểm tra giới hạn của tàu. Orion đã lập kỷ lục bay xa hơn 64.374 km phía ngoài vùng tối của Mặt Trăng, hơn bất kỳ tàu vũ trụ nào dùng để chở người từng bay trước đây. Trong hành trình, con tàu đã hoàn thành một số cột mốc quan trọng và hoạt động tốt ngoài mong đợi, theo Michael Sarafin, quản lý nhiệm vụ Artemis I.

Tuy nhiên, ở cuối hành trình trở về, tàu Orion luôn có nguy cơ va trúng mảnh rác trên quỹ đạo. Quá trình hồi quyển cũng nằm trong số những khoảnh khắc căng thẳng nhất của chuyến bay. ""Thử nghiệm lớn nhất sau khi phóng là hồi quyển bởi chúng tôi muốn biết tấm chắn nhiệt có hoạt động ở nhiệt độ 2.760 độ C, nóng bằng 1/2 Mặt Trời và ở tốc độ gấp 32 lần vận tốc âm thanh (gần 40.000 km/h)"", Bill Nelson, giám đốc NASA, chia sẻ.

Sau khi rơi qua khí quyển, tàu Orion cần triển khai dù an toàn và giảm tốc độ hạ cánh rồi đáp xuống biển. NASA sẽ huy động loạt phương tiện thu hồi chờ sẵn ở gần đó, bao gồm một tàu, hai trực thăng, 4 tàu phao, hai bè và một máy bay.

Nếu nhiệm vụ Artemis I thành công, NASA sẽ chọn đội phi hành gia bay trong nhiệm vụ Artemis II có thể cất cánh sớm nhất năm 2024. Artemis II sẽ chở phi hành gia bay vòng quanh Mặt Trăng giống Artemis I. Nhiệm vụ Artemis III, dự kiến phóng năm 2025, sẽ đưa phi hành gia hạ cánh xuống Mặt Trăng, bao gồm người phụ nữ đầu tiên và người da màu đầu tiên.

An Khang (Theo CNN)"
https://vnexpress.net/tai-sao-gioi-khoa-hoc-chua-tim-ra-cach-dieu-tri-cam-lanh-4543002.html,Tại sao giới khoa học chưa tìm ra cách điều trị cảm lạnh?,"Tại sao giới khoa học chưa tìm ra cách điều trị cảm lạnh?

Virus gây cảm lạnh thường gồm nhiều loài và nhiều phân nhóm, đồng thời liên tục đột biến, khiến các nhà nghiên cứu chưa thể tìm ra cách điều trị cảm lạnh thường."
https://vnexpress.net/ra-mat-mang-luoi-dai-su-doi-moi-sang-tao-viet-nam-4543270.html,Ra mắt Mạng lưới Đại sứ Đổi mới sáng tạo Việt Nam,"Bình DươngMạng lưới Đại sứ Đổi mới sáng tạo Việt Nam được hình thành nhằm hỗ trợ các địa phương và doanh nghiệp giải quyết khó khăn về truyền thông.

Sự kiện công bố các hoạt động của mạng lưới diễn ra sáng 2/12. Mạng lưới Đại sứ Đổi mới sáng tạo Việt Nam (Vietnam In2spire Network) là cộng đồng người có khả năng kể chuyện, truyền đi thông điệp đến đúng đích mong muốn thông qua các kênh phù hợp, đại diện cho các startup kể câu chuyện của chính mình với các cộng đồng khác nhau. Các doanh nghiệp có thể sử dụng các Đại sứ của mình để tăng độ nhận biết, kêu gọi nguồn lực, tìm kiếm đối tác, xúc tiến thị trường.

Thông qua việc liên kết báo chí, truyền hình với internet và mạng xã hội trong một mô hình truyền thông kết hợp kênh cá nhân với kênh báo chí chính thống, mạng lưới đại sứ giúp nói lên các vấn đề của các địa phương, doanh nghiệp trong nhiều ngành nghề, trên nhiều địa bàn; đề xuất và thảo luận chính sách. Mô hình truyền thông liên kết đa kênh, thông điệp từ mạng lưới có thể được chuyển tải đến các cơ quan quản lý nhà nước, các doanh nghiệp đối tác, các quỹ đầu tư, khách hàng tiềm năng.

Với việc hỗ trợ doanh nghiệp xây dựng mô hình truyền thông Đại sứ đổi mới sáng tạo, các địa phương cũng tự tạo nguồn cung cấp thông tin rộng rãi phục vụ công tác quản lý, có thêm công cụ tác động chính sách vĩ mô, tăng thêm tiếng nói cho địa phương trong đối thoại với các cơ quan chính sách trung ương.

Tọa đàm và công bố các hoạt động của Mạng lưới Đại sứ Đổi mới sáng tạo Việt Nam diễn ra sáng 2/12, trong khuôn khổ Techfest Vietnam 2022. Ảnh: TTTT

Mạng lưới Đại sứ Đổi mới sáng tạo Việt Nam (Vietnam In2spire Network) là dự án truyền thông do Làng Công nghệ Giải trí và Truyền thông (E&M Village) chủ trì, trong khuôn khổ các hoạt động của mạng lưới Truyền thông Quốc gia về Đổi mới Sáng tạo (ĐMST).

Bắt đầu với một series truyền hình thực tế đồng hành cùng chuỗi sự kiện Techfest và các hoạt động thúc đẩy hệ sinh thái sáng tạo mở, Mạng lưới Đại sứ đổi mới sáng tạo Việt Nam có kế hoạch liên kết phối hợp với gần 100 đối tác truyền thông báo chí trong và ngoài nước, nhằm tìm kiếm giải pháp cho các vấn đề của doanh nghiệp như nguồn vốn, chính sách, đối tác thị trường, và nguồn lực đổi mới công nghệ.

Mạng lưới hướng tới nâng cao năng lực khu vực tư nhân trong các hoạt động đổi mới sáng tạo, phát huy tiềm năng về truyền thông hỗ trợ ươm tạo, kết nối, gọi vốn và phát triển thị trường trong khởi nghiệp đổi mới sáng tạo. Đặc biệt mạng lưới góp phần nâng cao năng lực truyền thông cho doanh nghiệp, nhất là doanh nghiệp tư nhân, giúp thúc đẩy số lượng và chất lượng giao dịch đầu tư vốn.

Mạng lưới Đại sứ Đổi mới sáng tạo Việt Nam được kỳ vọng trở thành một mô hình truyền thông hiệu quả, đặc biệt phù hợp với nhu cầu truyền thông của các địa phương và các doanh nghiệp đổi mới sáng tạo ở Việt Nam hiện nay.

Sự kiện tổ chức trong khuôn khổ Ngày hội khởi nghiệp Đổi mới sáng tạo Quốc gia (Techfest Vietnam 2022) do Bộ Khoa học và Công nghệ tổ chức thường niên từ năm 2015 và trở thành sân chơi lớn nhất về khởi nghiệp và đổi mới sáng tạo Việt Nam. Năm nay chương trình diễn ra từ ngày 2 đến 4/12.

Như Quỳnh"
https://vnexpress.net/ho-me-phuc-kich-huou-sambar-nang-hon-300-kg-4542631.html,Hổ mẹ phục kích hươu Sambar nặng hơn 300 kg,"Hổ mẹ phục kích hươu Sambar nặng hơn 300 kg

Ấn ĐộHổ Bengal cái nhân lúc con hươu đực đi lạc vào rừng để đoạt mạng con mồi to lớn, giúp đàn con có đủ thức ăn để tiếp tục sinh tồn."
https://vnexpress.net/nhung-buc-anh-dong-vat-hoang-da-an-tuong-nam-2022-4543029.html,Những bức ảnh động vật hoang dã ấn tượng năm 2022,"Nhiều người tụ tập tại thủ đô Havana của Cuba để xem, trao đổi và mua bán những con chim biết hót. Hoạt động phổ biến này đang khiến các loài chim hoang dã của Cuba bị đe dọa bởi những kẻ săn bắt trái phép. Bức ảnh chụp bởi Karine Aigner cho thấy một con chim nhỏ bay ra khỏi lồng và ăn hạt từ lưỡi của người điều khiển."
https://vnexpress.net/may-hut-rac-duoi-nuoc-4542189.html,Máy hút rác dưới nước,"Máy hút Whalecro cho phép thợ lặn vừa bơi nhanh dưới nước, vừa thu thập những mảnh rác nhỏ để làm sạch đại dương.

Minh họa thiết bị hút rác dưới nước Whalecro. Ảnh: James Dyson Awards

Nhóm sinh viên tại Đại học Công nghệ và Đổi mới Châu Á Thái Bình Dương ở Malaysia - gồm Jing Hung Chan, Tan Jia-Hao, Joon Yi Lim, Lim Cher Khai và Mostafa Marzouk - phát triển máy hút Whalecro để lọc các mảnh rác siêu nhỏ dưới biển, Design Boom hôm 30/11 đưa tin.

Nhóm sinh viên đã thử nghiệm nhiều thiết kế và hình dạng khác nhau trước khi đi đến thiết kế cuối cùng là một thùng chứa hình bể cá với 6 trục quay bọc dây móc dán Velcro. Nguyên mẫu đầu tiên được chế tạo bằng cách xếp chồng các vật liệu như PVC và hộp nhựa.

Sau đó, nhóm sinh viên trang bị thêm động cơ để khiến các bộ phận hoạt động. Tiếp theo, họ đưa toàn bộ thùng chứa và động cơ vào trong một chiếc khung lấy cảm hứng từ cá mập voi, hai bên có tay cầm. Nhờ đó, thợ lặn có thể sử dụng Whalecro như một thiết bị hỗ trợ nổi và bơi để lướt đi dưới nước, đồng thời làm sạch đại dương.

'Máy hút bụi' dưới nước giúp thu gom rác trôi nổi Thử nghiệm nguyên mẫu Whalecro với 6 trục quay hút rác. Video: Design Boom

Khi di chuyển máy dưới biển, dòng nước chảy vào theo hướng ngược lại, cho phép Whalecro hút các mảnh rác siêu nhỏ trôi nổi trong đại dương. Sau đó, các trục quay sẽ ""bắt giữ"" rác nhờ vô số sợi lông cứng của dây móc dán Velcro. Rác sau khi thu thập có thể dễ dàng lấy ra và bỏ chúng vào đúng thùng rác hoặc đem xử lý thích hợp.

Nhóm sinh viên muốn tăng hiệu quả cho chiếc máy bằng cách thử nghiệm những kích thước hoặc thiết kế bề mặt khác của dây Velcro, đồng thời tiếp tục nghiên cứu các ứng dụng khác. Nhóm cũng dự định đăng ký bằng sáng chế và sẽ cải tiến Whalecro trong thời gian chờ đợi, sau đó đưa thiết bị này ra thị trường.

Thu Thảo (Theo Design Boom)"
https://vnexpress.net/suong-gia-phu-trang-canh-quan-phia-bac-trung-quoc-4542658.html,Sương giá phủ trắng cảnh quan phía bắc Trung Quốc,"Sương giá phủ trắng cảnh quan phía bắc Trung Quốc

Nhiệt độ giảm đột ngột do không khí lạnh vào cuối tuần trước biến nhiều khu vực ở Hắc Long Giang và Tân Cương thành xứ sở băng giá."
https://vnexpress.net/dung-giun-tron-de-phat-hien-som-ung-thu-4542635.html,Dùng giun tròn để phát hiện sớm ung thư,"Trở lại Khoa học

Dùng giun tròn để phát hiện sớm ung thư

Công ty công nghệ sinh học Nhật Bản chỉnh sửa mã gene của giun tròn, khiến chúng bơi ra xa khỏi các tế bào ung thư."
https://vnexpress.net/cong-ty-my-gianh-hop-dong-xay-dung-ha-tang-mat-trang-4542662.html,Công ty Mỹ giành hợp đồng xây dựng hạ tầng Mặt Trăng,"NASA đã trao hợp một đồng trị giá 57,2 triệu USD cho công ty ICON để phát triển công nghệ xây dựng trên Mặt Trăng.

NASA đang hợp tác với ICON để xây dựng cơ sở hạ tầng trên Mặt Trăng. Ảnh: ICON

Trong nỗ lực tìm kiếm các giải pháp thiết thực để xây dựng các cấu trúc bền vững trên Mặt Trăng, Cơ quan Hàng không Vũ trụ Mỹ (NASA) đã tăng cường hợp tác với ICON, một công ty công nghệ xây dựng có trụ sở tại Texas, được biết đến với việc tạo ra ngôi nhà in 3D có thể ở được đầu tiên tại Mỹ vào năm 2018.

Theo thông cáo báo chí vào hôm 29/11, NASA tiết lộ đã trao hợp đồng trị giá 57,2 triệu USD, kéo dài đến năm 2028, cho ICON để phát triển các công nghệ có thể hỗ trợ xây dựng cơ sở hạ tầng như bãi đáp, môi trường sống và đường giao thông trên bề mặt Mặt Trăng.

""Để khám phá thế giới ngoài Trái Đất, chúng ta cần các công nghệ mới sáng tạo phù hợp với những môi trường đó và nhu cầu khám phá của con người. Thúc đẩy sự phát triển này với các đối tác thương mại sẽ tạo ra những khả năng mà NASA cần cho các nhiệm vụ trong tương lai"", Niki Werkheiser, Giám đốc công nghệ tại Ban Giám đốc Sứ mệnh Công nghệ Vũ trụ của NASA, nhấn mạnh.

Hợp đồng mới là sự tiếp nối các nỗ lực của ICON theo hợp đồng kép được tài trợ một phần bởi NASA và Lực lượng Không quân Mỹ, có tên là Nghiên cứu Đổi mới Doanh nghiệp Nhỏ (SBIR). Trong hai giai đoạn trước đó, sáng kiến này đã xem xét việc mở rộng khả năng sử dụng những cấu trúc in 3D trong các sứ mệnh không gian và khám phá điểm tương đồng giữa các ứng dụng trên Trái Đất và ngoài Trái Đất.

Giai đoạn III của SBIR sẽ tập trung vào phát triển hệ thống xây dựng Dự án Olympus của ICON, nhằm mục đích sử dụng tài nguyên sẵn có trên bề mặt Mặt Trăng và sao Hỏa làm vật liệu xây dựng cho các nhiệm vụ dài hơn.

ICON cũng tham gia cuộc thi ""Thử thách môi trường sống in 3D"" của NASA. Công ty đã hợp tác với Trường Mỏ Colorado ở Mỹ và giành giải thưởng cho một mẫu cấu trúc in 3D được chứng minh về độ kín, độ chắc chắn và độ bền trong điều kiện nhiệt độ khắc nghiệt.

Đoàn Dương (Theo NASA/Interesting Engineering)"
https://vnexpress.net/xac-ca-voi-lung-gu-26-tan-phu-day-ha-bien-4542163.html,Xác cá voi lưng gù 26 tấn phủ đầy hà biển,"Nam PhiXác cá voi đồ sộ dạt vào bờ được di dời bằng xe tải và chôn xuống đất để tránh hậu quả khi phân hủy ngay trên bãi biển.

Xác cá voi lưng gù dạt vào bãi biển Strand. Ảnh: Marileze/La-Fè Studio

Xác một con cá voi lưng gù khổng lồ phủ đầy con hà dạt vào bãi biển Strand ở thành phố Cape Town, Nam Phi, ngày 26/11 đã được di dời, Newsweek hôm 30/11 đưa tin.

""Trọng lượng thực của cá voi là 26,6 tấn và nó dài 13,5 m. Thành phố tin rằng con vật chết do nguyên nhân tự nhiên. Hiện không có gì nguy hiểm xảy ra ngoài đại dương. Theo chúng tôi biết, tất cả vụ nổ địa chấn đã ngừng lại"", Lisa Starr, nhà sáng lập tổ chức Nâng cao Nhận thức về Đại dương Helderberg, cho biết. Các chuyên gia đã lấy mẫu xét nghiệm từ cơ thể cá voi để điều tra xem có yếu tố nào khác liên quan đến cái chết của nó hay không.

Nổ địa chấn là một phương pháp khảo sát đáy biển để tìm các mỏ dầu khí bằng cách sử dụng súng hơi và tạo ra âm thanh lớn. Hành động này cản trở cá voi và cá heo bơi đến gần, thậm chí có thể làm hỏng thính giác của chúng.

Cá voi ở bãi biển Strand bị lượng lớn hà biển bám xung quanh. ""Các chuyên gia tin rằng cá voi lưng gù trưởng thành có thể mang trên mình số hà nặng tới 450 kg. Con số này nghe có vẻ lớn, nhưng với loài vật có thể nặng tới 40 tấn như cá voi lưng gù thì không nhiều. Hà thường tập trung ở một số nơi nhất định trên cơ thể cá voi: dọc theo hàm trên, môi, cổ họng, chân chèo, chóp đuôi, thậm chí xung quanh khe sinh dục"", Starr nói.

Bộ phận sinh dục của cá voi bị hà bám xung quanh. Ảnh: Marileze/La-Fè Studio

Nếu bỏ lại trên bờ, xác cá voi sẽ nhanh chóng phân hủy và vi khuẩn bên trong tạo ra một lượng lớn khí khi chúng phân hủy mô. ""Nếu phần còn lại của cơ thể vẫn nguyên vẹn - lớp bên ngoài, lớp mỡ, không bị vỡ - thì một vụ nổ có thể xảy ra"", Olaf Meynecke, nhà khoa học tại Trung tâm nghiên cứu khu vực biển và ven biển thuộc Đại học Griffith, cho biết.

Kể cả khi không phát nổ, xác cá voi cũng bốc mùi khiến người đi biển khó chịu, đồng thời thu hút mọi sinh vật ăn xác thối. Có thể tránh tình trạng này nếu kéo xác cá voi trở lại biển. Tuy nhiên, việc kéo một vật khối lượng lớn như vậy ra đủ xa, đồng thời tính toán các dòng chảy để đảm bảo nó không bị đẩy lại vào bờ vô cùng phức tạp và tốn kém.

Do đó, chính quyền thành phố quyết định di dời xác cá voi khỏi bãi biển. Xác cá voi được kéo lên một chiếc xe tải, đưa đến Fishermans Corner và chôn tại đó. ""Đó là một bãi chôn lấp rác nhưng có khu vực dành cho xác động vật"", Star giải thích.

Thu Thảo (Theo Newsweek)"
https://vnexpress.net/tim-thay-tranh-tuong-1-000-nam-tuoi-bi-that-lac-4542650.html,Tìm thấy tranh tường 1.000 năm tuổi bị thất lạc,"PeruCác nhà khảo cổ tái khám phá một bức bích họa thời tiền Colombia mà họ chỉ thấy qua ảnh đen trắng chụp cách đây hơn một thế kỷ.

""Đây là một khám phá đặc biệt vì hiếm khi khai quật được bức tranh tường có chất lượng tốt như vậy từ thời tiền Colombia. Bố cục của nó là duy nhất trong lịch sử nghệ thuật tranh tường ở Peru"", trưởng nhóm khai quật Sam Ghavami, nhà khảo cổ học từ Đại học Fribourg của Thụy Sĩ, nhấn mạnh.

Ghavami cùng với một nhóm sinh viên Peru đã dành 4 năm để tìm kiếm bức bích họa mà ông tin rằng có thể khoảng 1.000 năm tuổi. Nó là một phần của ngôi đền Huaca Pintada, thuộc nền văn minh Moche phát triển mạnh mẽ từ thế kỷ thứ nhất đến thế kỷ thứ 8 và tôn kính Mặt Trăng, mưa, cự đà và nhện.

Tìm thấy tranh tường 1.000 năm tuổi bị thất lạc Tranh tường 1.000 năm tuổi được phát hiện tại ngôi đền Huaca Pintada ở Peru. Video: AFP

Bức tranh dài khoảng 30 m và không được che phủ, nhưng các nét vẽ bằng sơn màu xanh lam, nâu, đỏ, trắng và vàng của nó vẫn được bảo quản rất tốt. Trong một phần tranh, có thể nhìn thấy một đoàn chiến binh đang tiến về phía một vị thần giống chim.

Ghavami cho biết những hình ảnh ""dường như được lấy cảm hứng từ ý tưởng về một hệ thống phân cấp thiêng liêng được xây dựng xung quanh sự sùng bái tổ tiên và mối liên hệ mật thiết của họ với các thế lực tự nhiên"".

Việc giải mã thông điệp của bức tranh sẽ là một phần trong nghiên cứu tiếp theo của Ghavami. Nhà khảo cổ tin rằng ""nó có thể là một hình ảnh ẩn dụ về trật tự chính trị và tôn giáo của cư dân cổ đại trong khu vực"".

Phát hiện này cũng khác thường ở chỗ nó cho thấy sự pha trộn giữa các phong cách và yếu tố của hai nền văn hóa tiền Inca: Moche và Lambayeque, những người sống ở bờ biển phía bắc của Peru trong khoảng thời gian từ năm 900 đến 1350.

Trước đây, sự tồn tại của bức tranh tường chỉ được biết đến qua những bức ảnh đen trắng chụp vào năm 1916 bởi nhà dân tộc học người Đức Hans Heinrich Bruning, người đã sống ở Peru trong nhiều năm.

Tuy nhiên, những kẻ săn tìm kho báu đã phá hủy một phần bức tường khi họ cố gắng cướp phá địa điểm và khiến nó bị lãng quên cho đến nay.

Không ai biết về những bức ảnh mà Bruning đã chụp cho đến năm 1978. Kể từ đó, các nhà khảo cổ đã biết về đền Huaca Pintada, nhưng không ai đến khai quật địa điểm vì nghĩ rằng họ sẽ không tìm thấy gì ở đó.

Bức bích họa bắt đầu thu hút sự quan tâm của Ghavami khi làm luận án tiến sĩ về sự chuyển đổi văn hóa, như giữa các nền văn minh Moche và Lambayeque. Tuy nhiên, ông đã mất nhiều năm để xin phép và tiến hành khai quật ngôi đền.

Đoàn Dương (Theo AFP)"
https://vnexpress.net/ho-den-phong-vat-chat-vao-trai-dat-sau-khi-nuot-chung-sao-4542630.html,Hố đen phóng vật chất vào Trái Đất sau khi nuốt chửng sao,"Chớp sáng xuất hiện trên bầu trời hồi tháng 2 là kết quả từ một ngôi sao bị hố đen xé rách và nuốt chửng, sau đó phóng thẳng luồng vật chất vào Trái Đất.

Mô phỏng sự kiện gián đoạn thủy triều trong vũ trụ. Ảnh: Carl Knox/OzGrav/Đại học Công nghệ Swinburne

Tín hiệu đến từ vụ nổ mang tên AT 2022cmc được phát hiện lần đầu tiên bởi cơ sở Zwicky Transient Facility tại Đài quan sát Palomar của Viện Công nghệ California hôm 11/2. Khi một ngôi sao bị xé rách bởi lực hấp dẫn của hố đen, giới nghiên cứu gọi đó là sự kiện gián đoạn thủy triều. Các nhà thiên văn học từng quan sát những sự kiện dữ dội như vậy trước đây, nhưng AT 2022cmc sáng hơn bất kỳ trường hợp nào đã biết. Đây cũng là sự kiện ở xa nhất được quan sát. Nhóm nghiên cứu cho rằng khi hố đen nuốt chửng ngôi sao, nó giải phóng năng lượng khổng lồ và phóng luồng vật chất qua không gian ở tốc độ gần bằng vận tốc ánh sáng.

Nhiều khả năng AT 2022cmc rất sáng trên bầu trời do luồng vật chất chĩa thẳng vào Trái Đất, tạo ra hiệu ứng ""tăng cường Doppler"". Phát hiện mới có thể hé lộ nhiều hơn về sự phát triển của hố đen siêu khối lượng cũng như cách chúng ăn sao. Hai nghiên cứu riêng biệt mô tả sự kiện được công bố trên tạp chí Nature Astronomy và Nature hôm 30/11.

Do AT 2022cmc quá sáng và kéo dài quá lâu, tiến sĩ Benjamin Gompertz ở Đại học Birmingham, người phụ trách phân tích so sánh chớp tia gamma trong nghiên cứu, và cộng sự cho rằng sự kiện có nguồn gốc từ một hố đen siêu khối lượng cách Trái Đất 8,5 tỷ năm ánh sáng. Các nhà thiên văn học sử dụng kính viễn vọng tia X NICER (Neutron star Interior Composition ExploreR) để phân tích tín hiệu. Họ xác định AT 2022cmc mạnh gấp 100 lần chớp tia gamma mạnh nhất, theo Dheeraj Pasham, nhà khoa học ở Viện vật lý thiên văn và nghiên cứu vũ trụ Kavli thuộc Viện Công nghệ Massachusetts.

Đầu tiên, ngôi sao bị xé thành nhiều mảnh, sau đó các mảnh của nó bị hút vào đĩa xoay tròn xung quanh điểm không thể quay lại của hố đen. Tia X giải phóng bởi sự kiện sinh ra khi những mảnh vỡ xoay tròn của ngôi sao rơi vào hố đen.

Zwicky Transient Facility là một trong những cơ sở lớn nhất để nghiên cứu vũ trụ và xem xét các sự kiện khác thường. Sau khi cơ sở này phát hiện tín hiệu, hàng chục kính viễn vọng trên mặt đất và trong không gian tập trung vào AT 2022cmc, cung cấp quan sát chi tiết về sự kiện hiếm gặp. Kính viễn vọng rất lớn thuộc Đài quan sát nam châu Âu ở Chile giúp xác định khoảng cách của nó với Trái Đất. Kính viễn vọng không gian Hubble thu ánh sáng hồng ngoại và khả kiến giải phóng từ sự kiện. Cụm kính viễn vọng rất lớn Karl G. Jansky ở New Mexico thu sóng vô tuyến tạo bởi sự kiện. Các nhà thiên văn học vẫn chưa biết tại sao sự kiện gián đoạn thủy triều lại tạo ra luồng tia như vậy.

An Khang (Theo CNN)"
https://vnexpress.net/nha-khoa-hoc-viet-nghien-cuu-cong-nghe-diet-khuan-tu-nano-vang-4538769.html,Nhà khoa học Việt nghiên cứu công nghệ diệt khuẩn từ nano vàng,"TP HCMNhóm nghiên cứu tại SHTP - Labs phát triển công nghệ nano vàng cấu trúc ngôi sao (goldstar) tiêu diệt hơn 90% vi khuẩn, ứng dụng vào sản phẩm chăm sóc sức khỏe.

Sản phẩm do thạc sĩ Huỳnh Trọng Phát (37 tuổi, trưởng nhóm) cùng 8 cộng sự tại Trung tâm nghiên cứu triển khai, Khu công nghệ cao TP HCM (SHTP - Labs) nghiên cứu từ năm 2018 với mục tiêu tạo ra loại vật liệu mới có khả năng diệt khuẩn cao, an toàn với người sử dụng.

Anh Phát cho biết, các nghiên cứu gần đây về nano vàng chủ yếu ở dạng cầu, phục vụ phát triển các sản phẩm chống lão hóa, chống oxy hóa, dưỡng da... Nhưng tính năng kháng khuẩn lại cho hiệu quả rất thấp. Nano vàng cấu trúc ngôi sao cho hiệu quả kháng khuẩn cao hơn. Bởi vì cấu trúc này là một dạng nano dị hướng, khi tiếp xúc vi khuẩn sẽ tiêu diệt theo ba cơ chế chính gồm phá thành tế bào vi khuẩn, xâm nhập kết cụm tế bào vi khuẩn, ức chế quá trình sinh trưởng vi khuẩn, giúp điều trị một số bệnh về da như mụn, tổn thương da mức độ từ nhẹ đến trung bình.

Nhà khoa học tại SHTP - Labs nghiên cứu tạo nano vàng cấu trúc ngôi sao. Ảnh: Hà An

Để tạo nano vàng cấu trúc ngôi sao, nhóm sử dụng các chất tương thích sinh học có chiết xuất thiên nhiên như chitosan từ vỏ cua, sử dụng chất khử vitamin C... Cùng với muối vàng HAuCl 4 , polymer sinh học và vitamin C, nhóm nghiên cứu đã dùng các phản ứng hóa học để tạo nano vàng cấu trúc ngôi sao.

Theo nhóm nghiên cứu, sự khác biệt giữa tạo nano vàng hạt cầu và cấu trúc ngôi sao chính là sử dụng nhiệt độ trong quá trình phản ứng. Nhóm đã thử nghiệm và lựa chọn được nhiệt độ thích hợp.

Việc sử dụng các chất thiên nhiên giúp an toàn với người sử dụng, tuy nhiên nhóm đánh giá hiệu suất thu được không quá cao. ""Đây được coi là một hạn chế của phương pháp này. Để khắc phục một phần, nhóm sử dụng sóng siêu âm giúp cung cấp năng lượng làm tăng hiệu suất thu được hạt nano goldstar có kích thước vài chục nanomet nằm trong dung môi nước.

Thành phẩm nano vàng trong dung môi nước. Ảnh: Hà An

Theo anh Phát, công đoạn khó nhất trong việc tạo hạt nano goldstar là việc kiểm soát hình dạng mong muốn về kích thước, độ dài vật liệu theo dạng cấu trúc ngôi sao để đạt hiệu suất cao nhất. Khối lượng vàng để tạo ra dạng nano được sử dụng với lượng sử dụng rất nhỏ, chỉ vài chục microgram trên mỗi ml dung môi. Điều này khiến chi phí giá thành khi thương mại hóa không quá cao. ""Vàng vốn thân thiện con người, tính tương thích sinh học cao. Phương pháp nghiên cứu của nhóm theo nguyên tắc xanh nên đây là cơ sở để sản phẩm khả thi trong việc thương mại hóa"". Hạt nano goldstar có thể gắn lên các bề mặt vật liệu khác như vải làm băng gạc giúp hỗ trợ nhanh lành vết thương hay làm nguyên liệu chính sản xuất các dạng gel trị mụn.

Sản phẩm nano goldstar được nhóm hợp tác với công ty Mediworld cùng một số đơn vị khác tiến hành các bước thử nghiệm cấp độ tế bào, trên động vật và trên người theo quy chuẩn về trang thiết bị y tế loại A (mức độ rủi ro thấp) của Bộ Y tế. Kết quả thử nghiệm cho thấy, với sản phẩm gel trị mụn hiệu quả từ sau 1 - 6 tháng sử dụng tùy mức độ bệnh.

Hình ảnh nano có cấu trúc hình ngôi sao trên kính hiển vi điện tử. Ảnh: NVCC

Theo TS Ngô Võ Kế Thành, Giám đốc SHTP - Labs vật liệu nano goldstar là một hướng nghiên cứu được giới khoa học quốc tế quan tâm trong vài năm trở lại đây và có nhiều công bố khoa học. Trong nước hiện không có nhiều nhóm nghiên cứu theo hướng này.

Theo ông, công nghệ này có thể phát triển thành nhiều loại sản phẩm trong lĩnh vực y sinh giúp điều trị ung thư, làm các cảm biến sinh học giúp phát hiện bệnh... ""Hiện sản phẩm được nhóm nghiên cứu phối hợp doanh nghiệp thương mại hóa với sản phẩm gel trị mụn và có doanh thu bước đầu hàng trăm triệu đồng. Chúng tôi sẽ tiếp tục tham gia cùng nhóm tìm kiếm các đơn vị sản xuất băng gạc được cấp phép để ứng dụng trong việc phát triển sản phẩm khử trùng cho bệnh nhân"", TS Thành nói.

Hà An"
https://vnexpress.net/bang-chung-ve-bua-an-lau-doi-nhat-o-dong-vat-4541687.html,Bằng chứng về bữa ăn lâu đời nhất ở động vật,"Phân tích hóa thạch 550 triệu năm của một loài động vật tiền sử kỷ Ediacara tiết lộ dấu vết thức ăn bên trong đường tiêu hóa của nó.

Hóa thạch Kimberella chứa bằng chứng về bữa ăn lâu đời nhất. Ảnh: Ilya Bobrovskiy

Quần xã sinh vật kỷ Ediacara bao gồm những dạng sống xuất hiện sớm nhất trên Trái Đất. Trong nghiên cứu mới xuất bản trên tạp chí Current Biology vào tuần này, các nhà khoa học từ Đại học Quốc gia Australia (ANU) đã phân tích một hóa thạch kỷ Ediacara được khai quật ở Nga vào năm 2018 và tìm thấy bằng chứng về ""bữa ăn lâu đời nhất"" trong ruột của sinh vật.

Mẫu vật 550 triệu năm tuổi thuộc về một loài giống sên trong chi Kimberella. Nhóm nghiên cứu đã phát hiện ra các phân tử phytosterol được bảo quản trong ruột hóa thạch của nó. Thành phần hóa học này tiết lộ rằng nó đã ăn tảo và vi khuẩn từ đáy đại dương.

Đồng tác giả Jochen Brocks, Giáo sư tại ANU, cho biết tảo giàu dinh dưỡng có thể đã góp phần vào sự phát triển của các loài Kimberella trong kỷ Ediacara.

""Thức ăn giàu năng lượng có thể giải thích tại sao các sinh vật trong quần xã Ediacara lại có kích thước lớn như vậy. Trước đó, gần như tất cả sinh vật đều là đơn bào và có kích thước rất nhỏ"", Brocks cho biết.

Các nhà cổ sinh vật học cho rằng Kimberella có khả năng là một trong những sinh vật tiên tiến nhất của kỷ Ediacaran. Chúng có miệng, ruột và tiêu hóa thức ăn giống như cách động vật hiện đại làm.

""Nghiên cứu trước đây đã biết Kimberella để lại dấu vết kiếm ăn bằng cách cạo lớp tảo phủ dưới đáy biển, điều này cho thấy nó có ruột. Nhưng chỉ sau khi phân tích các phân tử phytosterol, chúng tôi mới có thể xác định chính xác nó đã ăn gì và tiêu hóa thức ăn như thế nào"", Brocks giải thích.

Khám phá mới cung cấp bằng chứng về những sinh vật đa bào phức tạp đầu tiên, giúp các nhà khoa học hiểu rõ hơn quá trình tiến hóa và cách chúng liên quan đến động vật hiện đại ngày nay.

Đoàn Dương (Theo CNN)"
https://vnexpress.net/khi-tu-nhien-duoc-luu-tru-trong-long-dat-nhu-the-nao-4542530.html,Khí tự nhiên được lưu trữ trong lòng đất như thế nào?,"Khí tự nhiên được lưu trữ trong lòng đất như thế nào?

Khí tự nhiên sau khi nén có thể được bơm qua ống dẫn xuống các tầng ngậm nước, hốc muối hoặc bể chứa nhân tạo để lưu trữ."
